{
    "SOC": [
        [
            0.0,
            0.0,
            0.0,
            0.0,
            0.5813009685147478,
            0.0,
            0.0,
            0.0,
            0.0,
            0.0,
            0.30166272893343327,
            0.0,
            0.0,
            0.0,
            0.0,
            0.0,
            0.0,
            0.0,
            0.0,
            0.16657312577924205,
            0.0,
            0.0,
            0.0,
            0.0,
            0.0
        ],
        [
            0.0,
            0.0,
            0.852478620138534,
            0.0,
            0.0,
            0.0,
            0.0,
            0.0,
            0.0,
            0.0,
            0.0,
            0.7235087354856105,
            0.0,
            0.0,
            0.0,
            0.0,
            0.0,
            0.0,
            0.0,
            0.0,
            0.0,
            0.0,
            0.0,
            0.0,
            0.0
        ],
        [
            0.12647316314115226,
            0.0,
            0.0,
            0.0,
            0.0,
            0.0,
            0.0,
            0.0,
            0.5441269846503233,
            0.0,
            0.0,
            0.0,
            0.0,
            0.0,
            0.2777476581653635,
            0.0,
            0.0,
            0.0,
            0.0,
            0.0,
            0.0,
            0.0,
            0.0,
            0.7248203619508672,
            0.0
        ],
        [
            0.37143924925744587,
            0.0,
            0.0,
            0.0,
            0.0,
            0.0,
            0.0,
            0.0,
            0.0,
            0.8680386745951635,
            0.0,
            0.0,
            0.0,
            0.0,
            0.0,
            0.0,
            0.0,
            0.0,
            0.0,
            0.8374488585328684,
            0.0,
            0.0,
            0.0,
            0.0,
            0.0
        ]
    ],
    "Arrivals": [
        [
            4,
            10,
            19
        ],
        [
            2,
            11
        ],
        [
            0,
            8,
            14,
            23
        ],
        [
            0,
            9,
            19
        ]
    ],
    "Departures": [
        [
            9,
            15,
            23
        ],
        [
            10,
            20
        ],
        [
            6,
            13,
            19,
            27
        ],
        [
            5,
            18,
            24
        ]
    ],
    "Charger_occupancy": [
        [
            0.0,
            0.0,
            0.0,
            0.0,
            1.0,
            1.0,
            1.0,
            1.0,
            1.0,
            0.0,
            1.0,
            1.0,
            1.0,
            1.0,
            1.0,
            0.0,
            0.0,
            0.0,
            0.0,
            1.0,
            1.0,
            1.0,
            1.0,
            0.0,
            0.0
        ],
        [
            0.0,
            0.0,
            1.0,
            1.0,
            1.0,
            1.0,
            1.0,
            1.0,
            1.0,
            1.0,
            0.0,
            1.0,
            1.0,
            1.0,
            1.0,
            1.0,
            1.0,
            1.0,
            1.0,
            1.0,
            0.0,
            0.0,
            0.0,
            0.0,
            0.0
        ],
        [
            1.0,
            1.0,
            1.0,
            1.0,
            1.0,
            1.0,
            0.0,
            0.0,
            1.0,
            1.0,
            1.0,
            1.0,
            1.0,
            0.0,
            1.0,
            1.0,
            1.0,
            1.0,
            1.0,
            0.0,
            0.0,
            0.0,
            0.0,
            1.0,
            0.0
        ],
        [
            1.0,
            1.0,
            1.0,
            1.0,
            1.0,
            0.0,
            0.0,
            0.0,
            0.0,
            1.0,
            1.0,
            1.0,
            1.0,
            1.0,
            1.0,
            1.0,
            1.0,
            1.0,
            0.0,
            1.0,
            1.0,
            1.0,
            1.0,
            1.0,
            0.0
        ]
    ],
    "Vehicle_capacities": [
        [
            0.0,
            0.0,
            0.0,
            0.0,
            86.0,
            86.0,
            86.0,
            86.0,
            86.0,
            0.0,
            54.0,
            54.0,
            54.0,
            54.0,
            54.0,
            0.0,
            0.0,
            0.0,
            0.0,
            81.0,
            81.0,
            81.0,
            81.0,
            0.0,
            0.0
        ],
        [
            0.0,
            0.0,
            45.0,
            45.0,
            45.0,
            45.0,
            45.0,
            45.0,
            45.0,
            45.0,
            0.0,
            94.0,
            94.0,
            94.0,
            94.0,
            94.0,
            94.0,
            94.0,
            94.0,
            94.0,
            0.0,
            0.0,
            0.0,
            0.0,
            0.0
        ],
        [
            24.0,
            24.0,
            24.0,
            24.0,
            24.0,
            24.0,
            0.0,
            0.0,
            32.0,
            32.0,
            32.0,
            32.0,
            32.0,
            0.0,
            50.0,
            50.0,
            50.0,
            50.0,
            50.0,
            0.0,
            0.0,
            0.0,
            0.0,
            94.0,
            0.0
        ],
        [
            55.0,
            55.0,
            55.0,
            55.0,
            55.0,
            0.0,
            0.0,
            0.0,
            0.0,
            58.0,
            58.0,
            58.0,
            58.0,
            58.0,
            58.0,
            58.0,
            58.0,
            58.0,
            0.0,
            113.0,
            113.0,
            113.0,
            113.0,
            113.0,
            0.0
        ]
    ],