{
    "SOC": [
        [
            0.0,
            0.8141235827284442,
            0.0,
            0.0,
            0.0,
            0.0,
            0.0,
            0.0,
            0.12157934625656264,
            0.0,
            0.0,
            0.0,
            0.0,
            0.0,
            0.0,
            0.0,
            0.0,
            0.0,
            0.0,
            0.0,
            0.21498834216078394,
            0.0,
            0.0,
            0.0,
            0.0
        ],
        [
            0.8604864795738066,
            0.0,
            0.0,
            0.0,
            0.0,
            0.0,
            0.0,
            0.0,
            0.0,
            0.8495976828314898,
            0.0,
            0.0,
            0.0,
            0.0,
            0.0,
            0.0,
            0.0,
            0.0,
            0.0,
            0.0,
            0.4908343453539409,
            0.0,
            0.0,
            0.0,
            0.0
        ],
        [
            0.0,
            0.0,
            0.6833713400167737,
            0.0,
            0.0,
            0.0,
            0.0,
            0.0,
            0.0,
            0.0,
            0.0,
            0.0,
            0.6812998087105617,
            0.0,
            0.0,
            0.0,
            0.0,
            0.0,
            0.0,
            0.0,
            0.327996927866145,
            0.0,
            0.0,
            0.0,
            0.0
        ],
        [
            0.0,
            0.4619607904871197,
            0.0,
            0.0,
            0.0,
            0.0,
            0.0,
            0.0,
            0.8912706508072401,
            0.0,
            0.0,
            0.0,
            0.0,
            0.0,
            0.0,
            0.0,
            0.0,
            0.6759372733072168,
            0.0,
            0.0,
            0.0,
            0.0,
            0.0,
            0.0,
            0.0
        ]
    ],
    "Arrivals": [
        [
            1,
            8,
            20
        ],
        [
            0,
            9,
            20
        ],
        [
            2,
            12,
            20
        ],
        [
            1,
            8,
            17
        ]
    ],
    "Departures": [
        [
            6,
            15,
            24
        ],
        [
            7,
            17,
            24
        ],
        [
            11,
            19,
            24
        ],
        [
            5,
            15,
            24
        ]
    ],
    "Charger_occupancy": [
        [
            0.0,
            1.0,
            1.0,
            1.0,
            1.0,
            1.0,
            0.0,
            0.0,
            1.0,
            1.0,
            1.0,
            1.0,
            1.0,
            1.0,
            1.0,
            0.0,
            0.0,
            0.0,
            0.0,
            0.0,
            1.0,
            1.0,
            1.0,
            1.0,
            0.0
        ],
        [
            1.0,
            1.0,
            1.0,
            1.0,
            1.0,
            1.0,
            1.0,
            0.0,
            0.0,
            1.0,
            1.0,
            1.0,
            1.0,
            1.0,
            1.0,
            1.0,
            1.0,
            0.0,
            0.0,
            0.0,
            1.0,
            1.0,
            1.0,
            1.0,
            0.0
        ],
        [
            0.0,
            0.0,
            1.0,
            1.0,
            1.0,
            1.0,
            1.0,
            1.0,
            1.0,
            1.0,
            1.0,
            0.0,
            1.0,
            1.0,
            1.0,
            1.0,
            1.0,
            1.0,
            1.0,
            0.0,
            1.0,
            1.0,
            1.0,
            1.0,
            0.0
        ],
        [
            0.0,
            1.0,
            1.0,
            1.0,
            1.0,
            0.0,
            0.0,
            0.0,
            1.0,
            1.0,
            1.0,
            1.0,
            1.0,
            1.0,
            1.0,
            0.0,
            0.0,
            1.0,
            1.0,
            1.0,
            1.0,
            1.0,
            1.0,
            1.0,
            0.0
        ]
    ],
    "Vehicle_capacities": [
        [
            0.0,
            97.0,
            97.0,
            97.0,
            97.0,
            97.0,
            0.0,
            0.0,
            24.0,
            24.0,
            24.0,
            24.0,
            24.0,
            24.0,
            24.0,
            0.0,
            0.0,
            0.0,
            0.0,
            0.0,
            107.0,
            107.0,
            107.0,
            107.0,
            0.0
        ],
        [
            97.0,
            97.0,
            97.0,
            97.0,
            97.0,
            97.0,
            97.0,
            0.0,
            0.0,
            97.0,
            97.0,
            97.0,
            97.0,
            97.0,
            97.0,
            97.0,
            97.0,
            0.0,
            0.0,
            0.0,
            103.0,
            103.0,
            103.0,
            103.0,
            0.0
        ],
        [
            0.0,
            0.0,
            104.0,
            104.0,
            104.0,
            104.0,
            104.0,
            104.0,
            104.0,
            104.0,
            104.0,
            0.0,
            34.0,
            34.0,
            34.0,
            34.0,
            34.0,
            34.0,
            34.0,
            0.0,
            114.0,
            114.0,
            114.0,
            114.0,
            0.0
        ],
        [
            0.0,
            37.0,
            37.0,
            37.0,
            37.0,
            0.0,
            0.0,
            0.0,
            38.0,
            38.0,
            38.0,
            38.0,
            38.0,
            38.0,
            38.0,
            0.0,
            0.0,
            66.0,
            66.0,
            66.0,
            66.0,
            66.0,
            66.0,
            66.0,
            0.0
        ]
    ],