{
    "SOC": [
        [
            0.0,
            0.0,
            0.0,
            0.20564375073867147,
            0.0,
            0.0,
            0.0,
            0.0,
            0.20123018293647715,
            0.0,
            0.0,
            0.0,
            0.0,
            0.0,
            0.0,
            0.5965683862884511,
            0.0,
            0.0,
            0.0,
            0.0,
            0.0,
            0.0,
            0.0,
            0.0,
            0.0
        ],
        [
            0.0,
            0.0,
            0.6179777173921437,
            0.0,
            0.0,
            0.0,
            0.0,
            0.0,
            0.0,
            0.0,
            0.8256192559535335,
            0.0,
            0.0,
            0.0,
            0.0,
            0.8075153674095298,
            0.0,
            0.0,
            0.0,
            0.0,
            0.0,
            0.0,
            0.0,
            0.0,
            0.0
        ],
        [
            0.0,
            0.29153765556548106,
            0.0,
            0.0,
            0.0,
            0.0,
            0.0,
            0.0,
            0.0,
            0.0,
            0.0,
            0.0,
            0.24888722248247427,
            0.0,
            0.0,
            0.0,
            0.0,
            0.0,
            0.0,
            0.0,
            0.0,
            0.0,
            0.0,
            0.42926396574359904,
            0.0
        ],
        [
            0.0,
            0.0,
            0.5008809815944834,
            0.0,
            0.0,
            0.0,
            0.0,
            0.0,
            0.0,
            0.0,
            0.0,
            0.0,
            0.0,
            0.0,
            0.3055552623714453,
            0.0,
            0.0,
            0.0,
            0.0,
            0.0,
            0.0,
            0.0,
            0.0,
            0.0,
            0.0
        ]
    ],
    "Arrivals": [
        [
            3,
            8,
            15
        ],
        [
            2,
            10,
            15
        ],
        [
            1,
            12,
            23
        ],
        [
            2,
            14
        ]
    ],
    "Departures": [
        [
            7,
            13,
            24
        ],
        [
            8,
            14,
            23
        ],
        [
            10,
            18,
            27
        ],
        [
            11,
            23
        ]
    ],
    "Charger_occupancy": [
        [
            0.0,
            0.0,
            0.0,
            1.0,
            1.0,
            1.0,
            1.0,
            0.0,
            1.0,
            1.0,
            1.0,
            1.0,
            1.0,
            0.0,
            0.0,
            1.0,
            1.0,
            1.0,
            1.0,
            1.0,
            1.0,
            1.0,
            1.0,
            1.0,
            0.0
        ],
        [
            0.0,
            0.0,
            1.0,
            1.0,
            1.0,
            1.0,
            1.0,
            1.0,
            0.0,
            0.0,
            1.0,
            1.0,
            1.0,
            1.0,
            0.0,
            1.0,
            1.0,
            1.0,
            1.0,
            1.0,
            1.0,
            1.0,
            1.0,
            0.0,
            0.0
        ],
        [
            0.0,
            1.0,
            1.0,
            1.0,
            1.0,
            1.0,
            1.0,
            1.0,
            1.0,
            1.0,
            0.0,
            0.0,
            1.0,
            1.0,
            1.0,
            1.0,
            1.0,
            1.0,
            0.0,
            0.0,
            0.0,
            0.0,
            0.0,
            1.0,
            0.0
        ],
        [
            0.0,
            0.0,
            1.0,
            1.0,
            1.0,
            1.0,
            1.0,
            1.0,
            1.0,
            1.0,
            1.0,
            0.0,
            0.0,
            0.0,
            1.0,
            1.0,
            1.0,
            1.0,
            1.0,
            1.0,
            1.0,
            1.0,
            1.0,
            0.0,
            0.0
        ]
    ],
    "Vehicle_capacities": [
        [
            0.0,
            0.0,
            0.0,
            105.0,
            105.0,
            105.0,
            105.0,
            0.0,
            113.0,
            113.0,
            113.0,
            113.0,
            113.0,
            0.0,
            0.0,
            104.0,
            104.0,
            104.0,
            104.0,
            104.0,
            104.0,
            104.0,
            104.0,
            104.0,
            0.0
        ],
        [
            0.0,
            0.0,
            97.0,
            97.0,
            97.0,
            97.0,
            97.0,
            97.0,
            0.0,
            0.0,
            89.0,
            89.0,
            89.0,
            89.0,
            0.0,
            111.0,
            111.0,
            111.0,
            111.0,
            111.0,
            111.0,
            111.0,
            111.0,
            0.0,
            0.0
        ],
        [
            0.0,
            96.0,
            96.0,
            96.0,
            96.0,
            96.0,
            96.0,
            96.0,
            96.0,
            96.0,
            0.0,
            0.0,
            114.0,
            114.0,
            114.0,
            114.0,
            114.0,
            114.0,
            0.0,
            0.0,
            0.0,
            0.0,
            0.0,
            92.0,
            0.0
        ],
        [
            0.0,
            0.0,
            90.0,
            90.0,
            90.0,
            90.0,
            90.0,
            90.0,
            90.0,
            90.0,
            90.0,
            0.0,
            0.0,
            0.0,
            56.0,
            56.0,
            56.0,
            56.0,
            56.0,
            56.0,
            56.0,
            56.0,
            56.0,
            0.0,
            0.0
        ]
    ],