{
    "SOC": [
        [
            0.0,
            0.0,
            0.7160394663203197,
            0.0,
            0.0,
            0.0,
            0.0,
            0.0,
            0.0,
            0.0,
            0.0,
            0.5202344080123622,
            0.0,
            0.0,
            0.0,
            0.0,
            0.0,
            0.0,
            0.0,
            0.5494444282419197,
            0.0,
            0.0,
            0.0,
            0.0,
            0.0
        ],
        [
            0.0,
            0.0,
            0.5345700753270194,
            0.0,
            0.0,
            0.0,
            0.0,
            0.0,
            0.0,
            0.7307900530232078,
            0.0,
            0.0,
            0.0,
            0.0,
            0.0,
            0.0,
            0.0,
            0.0,
            0.0,
            0.0,
            0.19841094846941232,
            0.0,
            0.0,
            0.0,
            0.0
        ],
        [
            0.0,
            0.0,
            0.0,
            0.0,
            0.0,
            0.0,
            0.0,
            0.8560622867290896,
            0.0,
            0.0,
            0.0,
            0.0,
            0.0,
            0.0,
            0.0,
            0.0,
            0.0,
            0.0,
            0.0,
            0.13186812302531373,
            0.0,
            0.0,
            0.0,
            0.0,
            0.0
        ],
        [
            0.6409140729946131,
            0.0,
            0.0,
            0.0,
            0.0,
            0.0,
            0.0,
            0.0,
            0.0,
            0.3401404095124342,
            0.0,
            0.0,
            0.0,
            0.0,
            0.0,
            0.0,
            0.7598281542519586,
            0.0,
            0.0,
            0.0,
            0.0,
            0.7610602544448968,
            0.0,
            0.0,
            0.0
        ]
    ],
    "Arrivals": [
        [
            2,
            11,
            19
        ],
        [
            2,
            9,
            20
        ],
        [
            7,
            19
        ],
        [
            0,
            9,
            16,
            21
        ]
    ],
    "Departures": [
        [
            6,
            17,
            23
        ],
        [
            7,
            18,
            24
        ],
        [
            16,
            23
        ],
        [
            4,
            14,
            20,
            25
        ]
    ],
    "Charger_occupancy": [
        [
            0.0,
            0.0,
            1.0,
            1.0,
            1.0,
            1.0,
            0.0,
            0.0,
            0.0,
            0.0,
            0.0,
            1.0,
            1.0,
            1.0,
            1.0,
            1.0,
            1.0,
            0.0,
            0.0,
            1.0,
            1.0,
            1.0,
            1.0,
            0.0,
            0.0
        ],
        [
            0.0,
            0.0,
            1.0,
            1.0,
            1.0,
            1.0,
            1.0,
            0.0,
            0.0,
            1.0,
            1.0,
            1.0,
            1.0,
            1.0,
            1.0,
            1.0,
            1.0,
            1.0,
            0.0,
            0.0,
            1.0,
            1.0,
            1.0,
            1.0,
            0.0
        ],
        [
            0.0,
            0.0,
            0.0,
            0.0,
            0.0,
            0.0,
            0.0,
            1.0,
            1.0,
            1.0,
            1.0,
            1.0,
            1.0,
            1.0,
            1.0,
            1.0,
            0.0,
            0.0,
            0.0,
            1.0,
            1.0,
            1.0,
            1.0,
            0.0,
            0.0
        ],
        [
            1.0,
            1.0,
            1.0,
            1.0,
            0.0,
            0.0,
            0.0,
            0.0,
            0.0,
            1.0,
            1.0,
            1.0,
            1.0,
            1.0,
            0.0,
            0.0,
            1.0,
            1.0,
            1.0,
            1.0,
            0.0,
            1.0,
            1.0,
            1.0,
            0.0
        ]
    ],
    "Vehicle_capacities": [
        [
            0.0,
            0.0,
            63.0,
            63.0,
            63.0,
            63.0,
            0.0,
            0.0,
            0.0,
            0.0,
            0.0,
            66.0,
            66.0,
            66.0,
            66.0,
            66.0,
            66.0,
            0.0,
            0.0,
            52.0,
            52.0,
            52.0,
            52.0,
            0.0,
            0.0
        ],
        [
            0.0,
            0.0,
            119.0,
            119.0,
            119.0,
            119.0,
            119.0,
            0.0,
            0.0,
            58.0,
            58.0,
            58.0,
            58.0,
            58.0,
            58.0,
            58.0,
            58.0,
            58.0,
            0.0,
            0.0,
            106.0,
            106.0,
            106.0,
            106.0,
            0.0
        ],
        [
            0.0,
            0.0,
            0.0,
            0.0,
            0.0,
            0.0,
            0.0,
            55.0,
            55.0,
            55.0,
            55.0,
            55.0,
            55.0,
            55.0,
            55.0,
            55.0,
            0.0,
            0.0,
            0.0,
            27.0,
            27.0,
            27.0,
            27.0,
            0.0,
            0.0
        ],
        [
            89.0,
            89.0,
            89.0,
            89.0,
            0.0,
            0.0,
            0.0,
            0.0,
            0.0,
            97.0,
            97.0,
            97.0,
            97.0,
            97.0,
            0.0,
            0.0,
            81.0,
            81.0,
            81.0,
            81.0,
            0.0,
            30.0,
            30.0,
            30.0,
            0.0
        ]
    ],