{
    "SOC": [
        [
            0.2643435982962852,
            0.0,
            0.0,
            0.0,
            0.0,
            0.0,
            0.0,
            0.7329358207833442,
            0.0,
            0.0,
            0.0,
            0.0,
            0.7874176606906661,
            0.0,
            0.0,
            0.0,
            0.0,
            0.0,
            0.0,
            0.0,
            0.0,
            0.0,
            0.0,
            0.0,
            0.0
        ],
        [
            0.0,
            0.0,
            0.7382633389763045,
            0.0,
            0.0,
            0.0,
            0.0,
            0.0,
            0.5746219758859415,
            0.0,
            0.0,
            0.0,
            0.0,
            0.0,
            0.0,
            0.0,
            0.6737904282797472,
            0.0,
            0.0,
            0.0,
            0.0,
            0.0,
            0.0,
            0.0,
            0.0
        ],
        [
            0.0,
            0.0,
            0.0,
            0.0,
            0.0,
            0.0,
            0.8917999975982085,
            0.0,
            0.0,
            0.0,
            0.0,
            0.0,
            0.0,
            0.0,
            0.0,
            0.4196617044072005,
            0.0,
            0.0,
            0.0,
            0.0,
            0.0,
            0.0,
            0.0,
            0.0,
            0.0
        ],
        [
            0.0,
            0.0,
            0.5814229902578839,
            0.0,
            0.0,
            0.0,
            0.0,
            0.0,
            0.8914227880947274,
            0.0,
            0.0,
            0.0,
            0.0,
            0.0,
            0.0,
            0.0,
            0.0,
            0.0,
            0.0,
            0.0,
            0.857424431184849,
            0.0,
            0.0,
            0.0,
            0.0
        ]
    ],
    "Arrivals": [
        [
            0,
            7,
            12
        ],
        [
            2,
            8,
            16
        ],
        [
            6,
            15
        ],
        [
            2,
            8,
            20
        ]
    ],
    "Departures": [
        [
            5,
            11,
            17
        ],
        [
            7,
            15,
            23
        ],
        [
            13,
            24
        ],
        [
            6,
            17,
            24
        ]
    ],
    "Charger_occupancy": [
        [
            1.0,
            1.0,
            1.0,
            1.0,
            1.0,
            0.0,
            0.0,
            1.0,
            1.0,
            1.0,
            1.0,
            0.0,
            1.0,
            1.0,
            1.0,
            1.0,
            1.0,
            0.0,
            0.0,
            0.0,
            0.0,
            0.0,
            0.0,
            0.0,
            0.0
        ],
        [
            0.0,
            0.0,
            1.0,
            1.0,
            1.0,
            1.0,
            1.0,
            0.0,
            1.0,
            1.0,
            1.0,
            1.0,
            1.0,
            1.0,
            1.0,
            0.0,
            1.0,
            1.0,
            1.0,
            1.0,
            1.0,
            1.0,
            1.0,
            0.0,
            0.0
        ],
        [
            0.0,
            0.0,
            0.0,
            0.0,
            0.0,
            0.0,
            1.0,
            1.0,
            1.0,
            1.0,
            1.0,
            1.0,
            1.0,
            0.0,
            0.0,
            1.0,
            1.0,
            1.0,
            1.0,
            1.0,
            1.0,
            1.0,
            1.0,
            1.0,
            0.0
        ],
        [
            0.0,
            0.0,
            1.0,
            1.0,
            1.0,
            1.0,
            0.0,
            0.0,
            1.0,
            1.0,
            1.0,
            1.0,
            1.0,
            1.0,
            1.0,
            1.0,
            1.0,
            0.0,
            0.0,
            0.0,
            1.0,
            1.0,
            1.0,
            1.0,
            0.0
        ]
    ],
    "Vehicle_capacities": [
        [
            30.0,
            30.0,
            30.0,
            30.0,
            30.0,
            0.0,
            0.0,
            89.0,
            89.0,
            89.0,
            89.0,
            0.0,
            90.0,
            90.0,
            90.0,
            90.0,
            90.0,
            0.0,
            0.0,
            0.0,
            0.0,
            0.0,
            0.0,
            0.0,
            0.0
        ],
        [
            0.0,
            0.0,
            77.0,
            77.0,
            77.0,
            77.0,
            77.0,
            0.0,
            72.0,
            72.0,
            72.0,
            72.0,
            72.0,
            72.0,
            72.0,
            0.0,
            32.0,
            32.0,
            32.0,
            32.0,
            32.0,
            32.0,
            32.0,
            0.0,
            0.0
        ],
        [
            0.0,
            0.0,
            0.0,
            0.0,
            0.0,
            0.0,
            105.0,
            105.0,
            105.0,
            105.0,
            105.0,
            105.0,
            105.0,
            0.0,
            0.0,
            84.0,
            84.0,
            84.0,
            84.0,
            84.0,
            84.0,
            84.0,
            84.0,
            84.0,
            0.0
        ],
        [
            0.0,
            0.0,
            31.0,
            31.0,
            31.0,
            31.0,
            0.0,
            0.0,
            95.0,
            95.0,
            95.0,
            95.0,
            95.0,
            95.0,
            95.0,
            95.0,
            95.0,
            0.0,
            0.0,
            0.0,
            61.0,
            61.0,
            61.0,
            61.0,
            0.0
        ]
    ],