{
    "SOC": [
        [
            0.2531093277970573,
            0.0,
            0.0,
            0.0,
            0.0,
            0.0,
            0.0,
            0.0,
            0.0,
            0.0,
            0.0,
            0.0,
            0.0,
            0.0,
            0.0,
            0.0,
            0.0,
            0.7085790711911566,
            0.0,
            0.0,
            0.0,
            0.0,
            0.0,
            0.0,
            0.0
        ],
        [
            0.21292032826092006,
            0.0,
            0.0,
            0.0,
            0.0,
            0.0,
            0.0,
            0.5539057212004579,
            0.0,
            0.0,
            0.0,
            0.0,
            0.0,
            0.0,
            0.20098788142037788,
            0.0,
            0.0,
            0.0,
            0.0,
            0.0,
            0.0,
            0.0,
            0.0,
            0.63337295520694,
            0.0
        ],
        [
            0.3509003888506407,
            0.0,
            0.0,
            0.0,
            0.0,
            0.0,
            0.0,
            0.0,
            0.0,
            0.0,
            0.0,
            0.8409296117536336,
            0.0,
            0.0,
            0.0,
            0.0,
            0.0,
            0.0,
            0.0,
            0.0,
            0.2894778901066356,
            0.0,
            0.0,
            0.0,
            0.0
        ],
        [
            0.43702880748221584,
            0.0,
            0.0,
            0.0,
            0.0,
            0.0,
            0.0,
            0.0,
            0.0,
            0.7272230557491068,
            0.0,
            0.0,
            0.0,
            0.0,
            0.0,
            0.0,
            0.0,
            0.0,
            0.0,
            0.24630319559535085,
            0.0,
            0.0,
            0.0,
            0.0,
            0.0
        ]
    ],
    "Arrivals": [
        [
            0,
            17
        ],
        [
            0,
            7,
            14,
            23
        ],
        [
            0,
            11,
            20
        ],
        [
            0,
            9,
            19
        ]
    ],
    "Departures": [
        [
            7,
            23
        ],
        [
            6,
            13,
            21,
            27
        ],
        [
            8,
            19,
            24
        ],
        [
            6,
            17,
            24
        ]
    ],
    "Charger_occupancy": [
        [
            1.0,
            1.0,
            1.0,
            1.0,
            1.0,
            1.0,
            1.0,
            0.0,
            0.0,
            0.0,
            0.0,
            0.0,
            0.0,
            0.0,
            0.0,
            0.0,
            0.0,
            1.0,
            1.0,
            1.0,
            1.0,
            1.0,
            1.0,
            0.0,
            0.0
        ],
        [
            1.0,
            1.0,
            1.0,
            1.0,
            1.0,
            1.0,
            0.0,
            1.0,
            1.0,
            1.0,
            1.0,
            1.0,
            1.0,
            0.0,
            1.0,
            1.0,
            1.0,
            1.0,
            1.0,
            1.0,
            1.0,
            0.0,
            0.0,
            1.0,
            0.0
        ],
        [
            1.0,
            1.0,
            1.0,
            1.0,
            1.0,
            1.0,
            1.0,
            1.0,
            0.0,
            0.0,
            0.0,
            1.0,
            1.0,
            1.0,
            1.0,
            1.0,
            1.0,
            1.0,
            1.0,
            0.0,
            1.0,
            1.0,
            1.0,
            1.0,
            0.0
        ],
        [
            1.0,
            1.0,
            1.0,
            1.0,
            1.0,
            1.0,
            0.0,
            0.0,
            0.0,
            1.0,
            1.0,
            1.0,
            1.0,
            1.0,
            1.0,
            1.0,
            1.0,
            0.0,
            0.0,
            1.0,
            1.0,
            1.0,
            1.0,
            1.0,
            0.0
        ]
    ],
    "Vehicle_capacities": [
        [
            64.0,
            64.0,
            64.0,
            64.0,
            64.0,
            64.0,
            64.0,
            0.0,
            0.0,
            0.0,
            0.0,
            0.0,
            0.0,
            0.0,
            0.0,
            0.0,
            0.0,
            101.0,
            101.0,
            101.0,
            101.0,
            101.0,
            101.0,
            0.0,
            0.0
        ],
        [
            95.0,
            95.0,
            95.0,
            95.0,
            95.0,
            95.0,
            0.0,
            58.0,
            58.0,
            58.0,
            58.0,
            58.0,
            58.0,
            0.0,
            71.0,
            71.0,
            71.0,
            71.0,
            71.0,
            71.0,
            71.0,
            0.0,
            0.0,
            27.0,
            0.0
        ],
        [
            100.0,
            100.0,
            100.0,
            100.0,
            100.0,
            100.0,
            100.0,
            100.0,
            0.0,
            0.0,
            0.0,
            76.0,
            76.0,
            76.0,
            76.0,
            76.0,
            76.0,
            76.0,
            76.0,
            0.0,
            44.0,
            44.0,
            44.0,
            44.0,
            0.0
        ],
        [
            72.0,
            72.0,
            72.0,
            72.0,
            72.0,
            72.0,
            0.0,
            0.0,
            0.0,
            64.0,
            64.0,
            64.0,
            64.0,
            64.0,
            64.0,
            64.0,
            64.0,
            0.0,
            0.0,
            83.0,
            83.0,
            83.0,
            83.0,
            83.0,
            0.0
        ]
    ],