{
    "SOC": [
        [
            0.0,
            0.0,
            0.0,
            0.0,
            0.0,
            0.17858995048639692,
            0.0,
            0.0,
            0.0,
            0.0,
            0.0,
            0.0,
            0.0,
            0.0,
            0.0,
            0.0,
            0.0,
            0.19796297593212647,
            0.0,
            0.0,
            0.0,
            0.0,
            0.0,
            0.0,
            0.0
        ]
    ],
    "Arrivals": [
        [
            5,
            17
        ]
    ],
    "Departures": [
        [
            13,
            21
        ]
    ],
    "Charger_occupancy": [
        [
            0.0,
            0.0,
            0.0,
            0.0,
            0.0,
            1.0,
            1.0,
            1.0,
            1.0,
            1.0,
            1.0,
            1.0,
            1.0,
            0.0,
            0.0,
            0.0,
            0.0,
            1.0,
            1.0,
            1.0,
            1.0,
            0.0,
            0.0,
            0.0,
            0.0
        ]
    ],
    "Vehicle_capacities": [
        [
            0.0,
            0.0,
            0.0,
            0.0,
            0.0,
            59.0,
            59.0,
            59.0,
            59.0,
            59.0,
            59.0,
            59.0,
            59.0,
            0.0,
            0.0,
            0.0,
            0.0,
            91.0,
            91.0,
            91.0,
            91.0,
            0.0,
            0.0,
            0.0,
            0.0
        ]
    ],
    "Requested_SOC": [
        [
            0.0,
            0.0,
            0.0,
            0.0,
            0.0,
            1.0,
            1.0,
            1.0,
            1.0,
            1.0,
            1.0,
            1.0,
            1.0,
            0.0,
            0.0,
            0.0,
            0.0,
            1.0,
            1.0,
            1.0,
            1.0,
            0.0,
            0.0,
            0.0,
            0.0
        ]
    ]
}