{
    "SOC": [
        [
            0.0,
            0.0,
            0.0,
            0.0,
            0.11338253217588701,
            0.0,
            0.0,
            0.0,
            0.0,
            0.0,
            0.0,
            0.0,
            0.0,
            0.8958847000902509,
            0.0,
            0.0,
            0.0,
            0.0,
            0.0,
            0.0,
            0.0,
            0.0,
            0.0,
            0.8446425708338579,
            0.0
        ],
        [
            0.3722270835712216,
            0.0,
            0.0,
            0.0,
            0.0,
            0.0,
            0.615577511635294,
            0.0,
            0.0,
            0.0,
            0.0,
            0.0,
            0.0,
            0.23729671445894668,
            0.0,
            0.0,
            0.0,
            0.0,
            0.0,
            0.0,
            0.0,
            0.0,
            0.5834514870991236,
            0.0,
            0.0
        ],
        [
            0.0,
            0.0,
            0.48249687180953515,
            0.0,
            0.0,
            0.0,
            0.0,
            0.0,
            0.0,
            0.0,
            0.0,
            0.0,
            0.0,
            0.34844080688045925,
            0.0,
            0.0,
            0.0,
            0.0,
            0.0,
            0.0,
            0.0,
            0.0,
            0.0,
            0.635503225262948,
            0.0
        ],
        [
            0.48023083817318113,
            0.0,
            0.0,
            0.0,
            0.0,
            0.0,
            0.0,
            0.0,
            0.0,
            0.0,
            0.6269719226378166,
            0.0,
            0.0,
            0.0,
            0.0,
            0.0,
            0.0,
            0.6323741692149503,
            0.0,
            0.0,
            0.0,
            0.0,
            0.0,
            0.0,
            0.0
        ]
    ],
    "Arrivals": [
        [
            4,
            13,
            23
        ],
        [
            0,
            6,
            13,
            22
        ],
        [
            2,
            13,
            23
        ],
        [
            0,
            10,
            17
        ]
    ],
    "Departures": [
        [
            12,
            22,
            27
        ],
        [
            4,
            12,
            21,
            26
        ],
        [
            11,
            22,
            27
        ],
        [
            9,
            16,
            24
        ]
    ],
    "Charger_occupancy": [
        [
            0.0,
            0.0,
            0.0,
            0.0,
            1.0,
            1.0,
            1.0,
            1.0,
            1.0,
            1.0,
            1.0,
            1.0,
            0.0,
            1.0,
            1.0,
            1.0,
            1.0,
            1.0,
            1.0,
            1.0,
            1.0,
            1.0,
            0.0,
            1.0,
            0.0
        ],
        [
            1.0,
            1.0,
            1.0,
            1.0,
            0.0,
            0.0,
            1.0,
            1.0,
            1.0,
            1.0,
            1.0,
            1.0,
            0.0,
            1.0,
            1.0,
            1.0,
            1.0,
            1.0,
            1.0,
            1.0,
            1.0,
            0.0,
            1.0,
            1.0,
            0.0
        ],
        [
            0.0,
            0.0,
            1.0,
            1.0,
            1.0,
            1.0,
            1.0,
            1.0,
            1.0,
            1.0,
            1.0,
            0.0,
            0.0,
            1.0,
            1.0,
            1.0,
            1.0,
            1.0,
            1.0,
            1.0,
            1.0,
            1.0,
            0.0,
            1.0,
            0.0
        ],
        [
            1.0,
            1.0,
            1.0,
            1.0,
            1.0,
            1.0,
            1.0,
            1.0,
            1.0,
            0.0,
            1.0,
            1.0,
            1.0,
            1.0,
            1.0,
            1.0,
            0.0,
            1.0,
            1.0,
            1.0,
            1.0,
            1.0,
            1.0,
            1.0,
            0.0
        ]
    ],
    "Vehicle_capacities": [
        [
            0.0,
            0.0,
            0.0,
            0.0,
            42.0,
            42.0,
            42.0,
            42.0,
            42.0,
            42.0,
            42.0,
            42.0,
            0.0,
            90.0,
            90.0,
            90.0,
            90.0,
            90.0,
            90.0,
            90.0,
            90.0,
            90.0,
            0.0,
            37.0,
            0.0
        ],
        [
            61.0,
            61.0,
            61.0,
            61.0,
            0.0,
            0.0,
            97.0,
            97.0,
            97.0,
            97.0,
            97.0,
            97.0,
            0.0,
            115.0,
            115.0,
            115.0,
            115.0,
            115.0,
            115.0,
            115.0,
            115.0,
            0.0,
            31.0,
            31.0,
            0.0
        ],
        [
            0.0,
            0.0,
            97.0,
            97.0,
            97.0,
            97.0,
            97.0,
            97.0,
            97.0,
            97.0,
            97.0,
            0.0,
            0.0,
            86.0,
            86.0,
            86.0,
            86.0,
            86.0,
            86.0,
            86.0,
            86.0,
            86.0,
            0.0,
            74.0,
            0.0
        ],
        [
            55.0,
            55.0,
            55.0,
            55.0,
            55.0,
            55.0,
            55.0,
            55.0,
            55.0,
            0.0,
            70.0,
            70.0,
            70.0,
            70.0,
            70.0,
            70.0,
            0.0,
            44.0,
            44.0,
            44.0,
            44.0,
            44.0,
            44.0,
            44.0,
            0.0
        ]
    ],