{
    "SOC": [
        [
            0.0,
            0.296694399153066,
            0.0,
            0.0,
            0.0,
            0.0,
            0.0,
            0.0,
            0.0,
            0.0,
            0.0,
            0.6378529966562665,
            0.0,
            0.0,
            0.0,
            0.0,
            0.0,
            0.0,
            0.0,
            0.0,
            0.0,
            0.6180026144631081,
            0.0,
            0.0,
            0.0
        ],
        [
            0.0,
            0.0,
            0.0,
            0.5342554986693441,
            0.0,
            0.0,
            0.0,
            0.0,
            0.0,
            0.0,
            0.6211613732229038,
            0.0,
            0.0,
            0.0,
            0.0,
            0.0,
            0.12129952898213095,
            0.0,
            0.0,
            0.0,
            0.0,
            0.0,
            0.7062004065654364,
            0.0,
            0.0
        ],
        [
            0.0,
            0.0,
            0.0,
            0.0,
            0.1261478205005597,
            0.0,
            0.0,
            0.0,
            0.0,
            0.0,
            0.0,
            0.0,
            0.0,
            0.0,
            0.0,
            0.10495851540331023,
            0.0,
            0.0,
            0.0,
            0.0,
            0.0,
            0.0,
            0.0,
            0.6867350615942596,
            0.0
        ],
        [
            0.0,
            0.0,
            0.4170119437381876,
            0.0,
            0.0,
            0.0,
            0.0,
            0.0,
            0.0,
            0.0,
            0.0,
            0.0,
            0.0,
            0.0,
            0.0,
            0.0,
            0.0,
            0.28059775797409936,
            0.0,
            0.0,
            0.0,
            0.0,
            0.0,
            0.0,
            0.0
        ]
    ],
    "Arrivals": [
        [
            1,
            11,
            21
        ],
        [
            3,
            10,
            16,
            22
        ],
        [
            4,
            15,
            23
        ],
        [
            2,
            17
        ]
    ],
    "Departures": [
        [
            10,
            20,
            25
        ],
        [
            9,
            15,
            21,
            26
        ],
        [
            13,
            22,
            27
        ],
        [
            10,
            22
        ]
    ],
    "Charger_occupancy": [
        [
            0.0,
            1.0,
            1.0,
            1.0,
            1.0,
            1.0,
            1.0,
            1.0,
            1.0,
            1.0,
            0.0,
            1.0,
            1.0,
            1.0,
            1.0,
            1.0,
            1.0,
            1.0,
            1.0,
            1.0,
            0.0,
            1.0,
            1.0,
            1.0,
            0.0
        ],
        [
            0.0,
            0.0,
            0.0,
            1.0,
            1.0,
            1.0,
            1.0,
            1.0,
            1.0,
            0.0,
            1.0,
            1.0,
            1.0,
            1.0,
            1.0,
            0.0,
            1.0,
            1.0,
            1.0,
            1.0,
            1.0,
            0.0,
            1.0,
            1.0,
            0.0
        ],
        [
            0.0,
            0.0,
            0.0,
            0.0,
            1.0,
            1.0,
            1.0,
            1.0,
            1.0,
            1.0,
            1.0,
            1.0,
            1.0,
            0.0,
            0.0,
            1.0,
            1.0,
            1.0,
            1.0,
            1.0,
            1.0,
            1.0,
            0.0,
            1.0,
            0.0
        ],
        [
            0.0,
            0.0,
            1.0,
            1.0,
            1.0,
            1.0,
            1.0,
            1.0,
            1.0,
            1.0,
            0.0,
            0.0,
            0.0,
            0.0,
            0.0,
            0.0,
            0.0,
            1.0,
            1.0,
            1.0,
            1.0,
            1.0,
            0.0,
            0.0,
            0.0
        ]
    ],
    "Vehicle_capacities": [
        [
            0.0,
            113.0,
            113.0,
            113.0,
            113.0,
            113.0,
            113.0,
            113.0,
            113.0,
            113.0,
            0.0,
            49.0,
            49.0,
            49.0,
            49.0,
            49.0,
            49.0,
            49.0,
            49.0,
            49.0,
            0.0,
            108.0,
            108.0,
            108.0,
            0.0
        ],
        [
            0.0,
            0.0,
            0.0,
            61.0,
            61.0,
            61.0,
            61.0,
            61.0,
            61.0,
            0.0,
            17.0,
            17.0,
            17.0,
            17.0,
            17.0,
            0.0,
            98.0,
            98.0,
            98.0,
            98.0,
            98.0,
            0.0,
            46.0,
            46.0,
            0.0
        ],
        [
            0.0,
            0.0,
            0.0,
            0.0,
            92.0,
            92.0,
            92.0,
            92.0,
            92.0,
            92.0,
            92.0,
            92.0,
            92.0,
            0.0,
            0.0,
            119.0,
            119.0,
            119.0,
            119.0,
            119.0,
            119.0,
            119.0,
            0.0,
            16.0,
            0.0
        ],
        [
            0.0,
            0.0,
            82.0,
            82.0,
            82.0,
            82.0,
            82.0,
            82.0,
            82.0,
            82.0,
            0.0,
            0.0,
            0.0,
            0.0,
            0.0,
            0.0,
            0.0,
            93.0,
            93.0,
            93.0,
            93.0,
            93.0,
            0.0,
            0.0,
            0.0
        ]
    ],