{
    "SOC": [
        [
            0.7182682084336877,
            0.0,
            0.0,
            0.0,
            0.0,
            0.0,
            0.0,
            0.0,
            0.0,
            0.0,
            0.4154964411547841,
            0.0,
            0.0,
            0.0,
            0.0,
            0.0,
            0.0,
            0.0,
            0.0,
            0.2658767962273437,
            0.0,
            0.0,
            0.0,
            0.0,
            0.0
        ],
        [
            0.7304461941122254,
            0.0,
            0.0,
            0.0,
            0.0,
            0.0,
            0.0,
            0.0,
            0.0,
            0.0,
            0.0,
            0.0,
            0.1021973015484547,
            0.0,
            0.0,
            0.0,
            0.0,
            0.0,
            0.0,
            0.490924289822131,
            0.0,
            0.0,
            0.0,
            0.0,
            0.0
        ],
        [
            0.0,
            0.0,
            0.0,
            0.0,
            0.3012356859844749,
            0.0,
            0.0,
            0.0,
            0.0,
            0.0,
            0.0,
            0.0,
            0.0,
            0.0,
            0.0,
            0.0,
            0.0,
            0.8925070340282952,
            0.0,
            0.0,
            0.0,
            0.0,
            0.0,
            0.0,
            0.0
        ],
        [
            0.48272249257329725,
            0.0,
            0.0,
            0.0,
            0.0,
            0.0,
            0.0,
            0.6019355146048675,
            0.0,
            0.0,
            0.0,
            0.0,
            0.0,
            0.0,
            0.0,
            0.0,
            0.0,
            0.0,
            0.0,
            0.0,
            0.0,
            0.0,
            0.0,
            0.5263892569346303,
            0.0
        ]
    ],
    "Grid_power": [
        0,
        0,
        0,
        0,
        0,
        0,
        0,
        0,
        0,
        0,
        0,
        0,
        0,
        0,
        0,
        0,
        0,
        0,
        0,
        0,
        0,
        0,
        0,
        0
    ],
    "Grid_energy": [
        0,
        0,
        0,
        0,
        0,
        0,
        0,
        0,
        0,
        0,
        0,
        0,
        0,
        0,
        0,
        0,
        0,
        0,
        0,
        0,
        0,
        0,
        0,
        0
    ],
    "Utilized_solar_energy": [
        0,
        0,
        0,
        0,
        0,
        0,
        0,
        0,
        0,
        0,
        0,
        0,
        0,
        0,
        0,
        0,
        0,
        0,
        0,
        0,
        0,
        0,
        0,
        0
    ],
    "Penalties": [
        0,
        0,
        0,
        0,
        0,
        0,
        4.0,
        0,
        4.0,
        4.0,
        0,
        4.0,
        0,
        4.0,
        0,
        0,
        4.0,
        0,
        4.0,
        0,
        0,
        0,
        0,
        4.0
    ],
    "Available_solar_energy": [],
    "Total_cost": [
        0.0,
        0.0,
        0.0,
        0.0,
        0.0,
        0.0,
        4.0,
        0.0,
        4.0,
        4.0,
        0.0,
        4.0,
        0.0,
        4.0,
        0.0,
        0.0,
        4.0,
        0.0,
        4.0,
        0.0,
        0.0,
        0.0,
        0.0,
        4.0
    ],
    "Battery_state_of_charge": [
        0,
        0,
        0,
        0,
        0,
        0,
        0,
        0,
        0,
        0,
        0,
        0,
        0,
        0,
        0,
        0,
        0,
        0,
        0,
        0,
        0,
        0,
        0,
        0
    ],
    "Grid_energy_cost": [
        0.0,
        0.0,
        0.0,
        0.0,
        0.0,
        0.0,
        4.0,
        0.0,
        4.0,
        4.0,
        0.0,
        4.0,
        0.0,
        4.0,
        0.0,
        0.0,
        4.0,
        0.0,
        4.0,
        0.0,
        0.0,
        0.0,
        0.0,
        4.0
    ]
}