{
    "SOC": [
        [
            0.0,
            0.21591758998512278,
            0.0,
            0.0,
            0.0,
            0.0,
            0.0,
            0.0,
            0.0,
            0.0,
            0.11136126646921288,
            0.0,
            0.0,
            0.0,
            0.0,
            0.0,
            0.0,
            0.0,
            0.0,
            0.4672629994424756,
            0.0,
            0.0,
            0.0,
            0.0,
            0.0
        ],
        [
            0.0,
            0.12178895666551215,
            0.0,
            0.0,
            0.0,
            0.0,
            0.0,
            0.0,
            0.0,
            0.0,
            0.0,
            0.0,
            0.0,
            0.0,
            0.4923487529764078,
            0.0,
            0.0,
            0.0,
            0.0,
            0.0,
            0.0,
            0.0,
            0.0,
            0.2811340487112377,
            0.0
        ],
        [
            0.0,
            0.6899503559546691,
            0.0,
            0.0,
            0.0,
            0.0,
            0.0,
            0.0,
            0.0,
            0.2616465912689231,
            0.0,
            0.0,
            0.0,
            0.0,
            0.0,
            0.0,
            0.0,
            0.0,
            0.0,
            0.0,
            0.0,
            0.0,
            0.0,
            0.26918372046015204,
            0.0
        ],
        [
            0.0,
            0.0,
            0.1789970341809288,
            0.0,
            0.0,
            0.0,
            0.0,
            0.0,
            0.7397395792546909,
            0.0,
            0.0,
            0.0,
            0.0,
            0.0,
            0.0,
            0.0,
            0.0,
            0.27136857516443974,
            0.0,
            0.0,
            0.0,
            0.0,
            0.40229387010529305,
            0.0,
            0.0
        ]
    ],
    "Arrivals": [
        [
            1,
            10,
            19
        ],
        [
            1,
            14,
            23
        ],
        [
            1,
            9,
            23
        ],
        [
            2,
            8,
            17,
            22
        ]
    ],
    "Departures": [
        [
            7,
            17,
            23
        ],
        [
            10,
            18,
            27
        ],
        [
            7,
            16,
            27
        ],
        [
            6,
            15,
            21,
            26
        ]
    ],
    "Charger_occupancy": [
        [
            0.0,
            1.0,
            1.0,
            1.0,
            1.0,
            1.0,
            1.0,
            0.0,
            0.0,
            0.0,
            1.0,
            1.0,
            1.0,
            1.0,
            1.0,
            1.0,
            1.0,
            0.0,
            0.0,
            1.0,
            1.0,
            1.0,
            1.0,
            0.0,
            0.0
        ],
        [
            0.0,
            1.0,
            1.0,
            1.0,
            1.0,
            1.0,
            1.0,
            1.0,
            1.0,
            1.0,
            0.0,
            0.0,
            0.0,
            0.0,
            1.0,
            1.0,
            1.0,
            1.0,
            0.0,
            0.0,
            0.0,
            0.0,
            0.0,
            1.0,
            0.0
        ],
        [
            0.0,
            1.0,
            1.0,
            1.0,
            1.0,
            1.0,
            1.0,
            0.0,
            0.0,
            1.0,
            1.0,
            1.0,
            1.0,
            1.0,
            1.0,
            1.0,
            0.0,
            0.0,
            0.0,
            0.0,
            0.0,
            0.0,
            0.0,
            1.0,
            0.0
        ],
        [
            0.0,
            0.0,
            1.0,
            1.0,
            1.0,
            1.0,
            0.0,
            0.0,
            1.0,
            1.0,
            1.0,
            1.0,
            1.0,
            1.0,
            1.0,
            0.0,
            0.0,
            1.0,
            1.0,
            1.0,
            1.0,
            0.0,
            1.0,
            1.0,
            0.0
        ]
    ],
    "Vehicle_capacities": [
        [
            0.0,
            53.0,
            53.0,
            53.0,
            53.0,
            53.0,
            53.0,
            0.0,
            0.0,
            0.0,
            48.0,
            48.0,
            48.0,
            48.0,
            48.0,
            48.0,
            48.0,
            0.0,
            0.0,
            73.0,
            73.0,
            73.0,
            73.0,
            0.0,
            0.0
        ],
        [
            0.0,
            37.0,
            37.0,
            37.0,
            37.0,
            37.0,
            37.0,
            37.0,
            37.0,
            37.0,
            0.0,
            0.0,
            0.0,
            0.0,
            26.0,
            26.0,
            26.0,
            26.0,
            0.0,
            0.0,
            0.0,
            0.0,
            0.0,
            45.0,
            0.0
        ],
        [
            0.0,
            72.0,
            72.0,
            72.0,
            72.0,
            72.0,
            72.0,
            0.0,
            0.0,
            17.0,
            17.0,
            17.0,
            17.0,
            17.0,
            17.0,
            17.0,
            0.0,
            0.0,
            0.0,
            0.0,
            0.0,
            0.0,
            0.0,
            25.0,
            0.0
        ],
        [
            0.0,
            0.0,
            104.0,
            104.0,
            104.0,
            104.0,
            0.0,
            0.0,
            17.0,
            17.0,
            17.0,
            17.0,
            17.0,
            17.0,
            17.0,
            0.0,
            0.0,
            118.0,
            118.0,
            118.0,
            118.0,
            0.0,
            96.0,
            96.0,
            0.0
        ]
    ],