{
    "SOC": [
        [
            0.2625622960278119,
            0.0,
            0.0,
            0.0,
            0.0,
            0.0,
            0.0,
            0.0,
            0.0,
            0.0,
            0.0,
            0.0,
            0.8756435310343987,
            0.0,
            0.0,
            0.0,
            0.0,
            0.0,
            0.0,
            0.0,
            0.0,
            0.0,
            0.0,
            0.0,
            0.0
        ],
        [
            0.0,
            0.0,
            0.0,
            0.0,
            0.16893574359802432,
            0.0,
            0.0,
            0.0,
            0.0,
            0.0,
            0.804145495107572,
            0.0,
            0.0,
            0.0,
            0.0,
            0.39240446053713907,
            0.0,
            0.0,
            0.0,
            0.0,
            0.0,
            0.0,
            0.0,
            0.0,
            0.0
        ]
    ],
    "Arrivals": [
        [
            0,
            12
        ],
        [
            4,
            10,
            15
        ]
    ],
    "Departures": [
        [
            8,
            20
        ],
        [
            9,
            14,
            22
        ]
    ],
    "Charger_occupancy": [
        [
            1.0,
            1.0,
            1.0,
            1.0,
            1.0,
            1.0,
            1.0,
            1.0,
            0.0,
            0.0,
            0.0,
            0.0,
            1.0,
            1.0,
            1.0,
            1.0,
            1.0,
            1.0,
            1.0,
            1.0,
            0.0,
            0.0,
            0.0,
            0.0,
            0.0
        ],
        [
            0.0,
            0.0,
            0.0,
            0.0,
            1.0,
            1.0,
            1.0,
            1.0,
            1.0,
            0.0,
            1.0,
            1.0,
            1.0,
            1.0,
            0.0,
            1.0,
            1.0,
            1.0,
            1.0,
            1.0,
            1.0,
            1.0,
            0.0,
            0.0,
            0.0
        ]
    ],
    "Vehicle_capacities": [
        [
            38.0,
            38.0,
            38.0,
            38.0,
            38.0,
            38.0,
            38.0,
            38.0,
            0.0,
            0.0,
            0.0,
            0.0,
            62.0,
            62.0,
            62.0,
            62.0,
            62.0,
            62.0,
            62.0,
            62.0,
            0.0,
            0.0,
            0.0,
            0.0,
            0.0
        ],
        [
            0.0,
            0.0,
            0.0,
            0.0,
            26.0,
            26.0,
            26.0,
            26.0,
            26.0,
            0.0,
            48.0,
            48.0,
            48.0,
            48.0,
            0.0,
            118.0,
            118.0,
            118.0,
            118.0,
            118.0,
            118.0,
            118.0,
            0.0,
            0.0,
            0.0
        ]
    ],
    "Requested_SOC": [
        [
            1.0,
            1.0,
            1.0,
            1.0,
            1.0,
            1.0,
            1.0,
            1.0,
            0.0,
            0.0,
            0.0,
            0.0,
            1.0,
            1.0,
            1.0,
            1.0,
            1.0,
            1.0,
            1.0,
            1.0,
            0.0,
            0.0,
            0.0,
            0.0,
            0.0
        ],
        [
            0.0,
            0.0,
            0.0,
            0.0,
            1.0,
            1.0,
            1.0,
            1.0,
            1.0,
            0.0,
            1.0,
            1.0,
            1.0,
            1.0,
            0.0,
            1.0,
            1.0,
            1.0,
            1.0,
            1.0,
            1.0,
            1.0,
            0.0,
            0.0,
            0.0
        ]
    ]
}