{
    "SOC": [
        [
            0.0,
            0.13947418166928457,
            0.0,
            0.0,
            0.0,
            0.0,
            0.0,
            0.0,
            0.0,
            0.0,
            0.27028708050143513,
            0.0,
            0.0,
            0.0,
            0.0,
            0.0,
            0.0,
            0.0,
            0.0,
            0.0,
            0.0,
            0.0,
            0.0,
            0.7520024228796223,
            0.0
        ]
    ],
    "Arrivals": [
        [
            1,
            10,
            23
        ]
    ],
    "Departures": [
        [
            9,
            17,
            27
        ]
    ],
    "Charger_occupancy": [
        [
            0.0,
            1.0,
            1.0,
            1.0,
            1.0,
            1.0,
            1.0,
            1.0,
            1.0,
            0.0,
            1.0,
            1.0,
            1.0,
            1.0,
            1.0,
            1.0,
            1.0,
            0.0,
            0.0,
            0.0,
            0.0,
            0.0,
            0.0,
            1.0,
            0.0
        ]
    ],
    "Vehicle_capacities": [
        [
            0.0,
            63.0,
            63.0,
            63.0,
            63.0,
            63.0,
            63.0,
            63.0,
            63.0,
            0.0,
            88.0,
            88.0,
            88.0,
            88.0,
            88.0,
            88.0,
            88.0,
            0.0,
            0.0,
            0.0,
            0.0,
            0.0,
            0.0,
            26.0,
            0.0
        ]
    ],
    "Requested_SOC": [
        [
            0.0,
            1.0,
            1.0,
            1.0,
            1.0,
            1.0,
            1.0,
            1.0,
            1.0,
            0.0,
            1.0,
            1.0,
            1.0,
            1.0,
            1.0,
            1.0,
            1.0,
            0.0,
            0.0,
            0.0,
            0.0,
            0.0,
            0.0,
            1.0,
            0.0
        ]
    ]
}