{
    "SOC": [
        [
            0.0,
            0.0,
            0.0,
            0.1745407821032906,
            0.0,
            0.0,
            0.0,
            0.0,
            0.0,
            0.0,
            0.0,
            0.0,
            0.0,
            0.0,
            0.0,
            0.0,
            0.14498462614942192,
            0.0,
            0.0,
            0.0,
            0.0,
            0.0,
            0.0,
            0.0,
            0.0
        ],
        [
            0.2794212742484672,
            0.0,
            0.0,
            0.0,
            0.0,
            0.0,
            0.0,
            0.0,
            0.1768056715220376,
            0.0,
            0.0,
            0.0,
            0.0,
            0.8021053000879651,
            0.0,
            0.0,
            0.0,
            0.0,
            0.0,
            0.0,
            0.5647782590494141,
            0.0,
            0.0,
            0.0,
            0.0
        ],
        [
            0.3552570598726208,
            0.0,
            0.0,
            0.0,
            0.0,
            0.6483160968591017,
            0.0,
            0.0,
            0.0,
            0.0,
            0.0,
            0.0,
            0.8723397461395588,
            0.0,
            0.0,
            0.0,
            0.0,
            0.0,
            0.0,
            0.0,
            0.5920762782078007,
            0.0,
            0.0,
            0.0,
            0.0
        ],
        [
            0.0,
            0.18193250311058434,
            0.0,
            0.0,
            0.0,
            0.0,
            0.0,
            0.0,
            0.0,
            0.0,
            0.395849389007342,
            0.0,
            0.0,
            0.0,
            0.0,
            0.0,
            0.0,
            0.5329040907067016,
            0.0,
            0.0,
            0.0,
            0.0,
            0.0,
            0.0,
            0.0
        ]
    ],
    "Arrivals": [
        [
            3,
            16
        ],
        [
            0,
            8,
            13,
            20
        ],
        [
            0,
            5,
            12,
            20
        ],
        [
            1,
            10,
            17
        ]
    ],
    "Departures": [
        [
            7,
            20
        ],
        [
            7,
            12,
            19,
            24
        ],
        [
            4,
            11,
            19,
            24
        ],
        [
            9,
            16,
            24
        ]
    ],
    "Charger_occupancy": [
        [
            0.0,
            0.0,
            0.0,
            1.0,
            1.0,
            1.0,
            1.0,
            0.0,
            0.0,
            0.0,
            0.0,
            0.0,
            0.0,
            0.0,
            0.0,
            0.0,
            1.0,
            1.0,
            1.0,
            1.0,
            0.0,
            0.0,
            0.0,
            0.0,
            0.0
        ],
        [
            1.0,
            1.0,
            1.0,
            1.0,
            1.0,
            1.0,
            1.0,
            0.0,
            1.0,
            1.0,
            1.0,
            1.0,
            0.0,
            1.0,
            1.0,
            1.0,
            1.0,
            1.0,
            1.0,
            0.0,
            1.0,
            1.0,
            1.0,
            1.0,
            0.0
        ],
        [
            1.0,
            1.0,
            1.0,
            1.0,
            0.0,
            1.0,
            1.0,
            1.0,
            1.0,
            1.0,
            1.0,
            0.0,
            1.0,
            1.0,
            1.0,
            1.0,
            1.0,
            1.0,
            1.0,
            0.0,
            1.0,
            1.0,
            1.0,
            1.0,
            0.0
        ],
        [
            0.0,
            1.0,
            1.0,
            1.0,
            1.0,
            1.0,
            1.0,
            1.0,
            1.0,
            0.0,
            1.0,
            1.0,
            1.0,
            1.0,
            1.0,
            1.0,
            0.0,
            1.0,
            1.0,
            1.0,
            1.0,
            1.0,
            1.0,
            1.0,
            0.0
        ]
    ],
    "Vehicle_capacities": [
        [
            0.0,
            0.0,
            0.0,
            97.0,
            97.0,
            97.0,
            97.0,
            0.0,
            0.0,
            0.0,
            0.0,
            0.0,
            0.0,
            0.0,
            0.0,
            0.0,
            76.0,
            76.0,
            76.0,
            76.0,
            0.0,
            0.0,
            0.0,
            0.0,
            0.0
        ],
        [
            117.0,
            117.0,
            117.0,
            117.0,
            117.0,
            117.0,
            117.0,
            0.0,
            44.0,
            44.0,
            44.0,
            44.0,
            0.0,
            107.0,
            107.0,
            107.0,
            107.0,
            107.0,
            107.0,
            0.0,
            32.0,
            32.0,
            32.0,
            32.0,
            0.0
        ],
        [
            57.0,
            57.0,
            57.0,
            57.0,
            0.0,
            59.0,
            59.0,
            59.0,
            59.0,
            59.0,
            59.0,
            0.0,
            90.0,
            90.0,
            90.0,
            90.0,
            90.0,
            90.0,
            90.0,
            0.0,
            96.0,
            96.0,
            96.0,
            96.0,
            0.0
        ],
        [
            0.0,
            54.0,
            54.0,
            54.0,
            54.0,
            54.0,
            54.0,
            54.0,
            54.0,
            0.0,
            111.0,
            111.0,
            111.0,
            111.0,
            111.0,
            111.0,
            0.0,
            26.0,
            26.0,
            26.0,
            26.0,
            26.0,
            26.0,
            26.0,
            0.0
        ]
    ],