{
    "SOC": [
        [
            0.356258772869145,
            0.0,
            0.0,
            0.0,
            0.0,
            0.21152779864283222,
            0.0,
            0.0,
            0.0,
            0.0,
            0.0,
            0.8458795816963878,
            0.0,
            0.0,
            0.0,
            0.0,
            0.0,
            0.0,
            0.0,
            0.0,
            0.0,
            0.6320766942548015,
            0.0,
            0.0,
            0.0
        ],
        [
            0.0,
            0.0,
            0.0,
            0.49591493648637086,
            0.0,
            0.0,
            0.0,
            0.0,
            0.0,
            0.0,
            0.0,
            0.0,
            0.20775840847485832,
            0.0,
            0.0,
            0.0,
            0.0,
            0.0,
            0.0,
            0.0,
            0.394565579101691,
            0.0,
            0.0,
            0.0,
            0.0
        ],
        [
            0.42143953203398066,
            0.0,
            0.0,
            0.0,
            0.0,
            0.0,
            0.0,
            0.0,
            0.0,
            0.0,
            0.0,
            0.6708779753308456,
            0.0,
            0.0,
            0.0,
            0.0,
            0.0,
            0.0,
            0.0,
            0.604674010475754,
            0.0,
            0.0,
            0.0,
            0.0,
            0.0
        ],
        [
            0.0,
            0.0,
            0.6978481328852327,
            0.0,
            0.0,
            0.0,
            0.0,
            0.0,
            0.0,
            0.0,
            0.0,
            0.0,
            0.2817250347077403,
            0.0,
            0.0,
            0.0,
            0.0,
            0.0,
            0.0,
            0.0,
            0.0,
            0.0,
            0.0,
            0.0,
            0.0
        ]
    ],
    "Arrivals": [
        [
            0,
            5,
            11,
            21
        ],
        [
            3,
            12,
            20
        ],
        [
            0,
            11,
            19
        ],
        [
            2,
            12
        ]
    ],
    "Departures": [
        [
            4,
            10,
            19,
            25
        ],
        [
            11,
            19,
            24
        ],
        [
            7,
            18,
            23
        ],
        [
            6,
            21
        ]
    ],
    "Charger_occupancy": [
        [
            1.0,
            1.0,
            1.0,
            1.0,
            0.0,
            1.0,
            1.0,
            1.0,
            1.0,
            1.0,
            0.0,
            1.0,
            1.0,
            1.0,
            1.0,
            1.0,
            1.0,
            1.0,
            1.0,
            0.0,
            0.0,
            1.0,
            1.0,
            1.0,
            0.0
        ],
        [
            0.0,
            0.0,
            0.0,
            1.0,
            1.0,
            1.0,
            1.0,
            1.0,
            1.0,
            1.0,
            1.0,
            0.0,
            1.0,
            1.0,
            1.0,
            1.0,
            1.0,
            1.0,
            1.0,
            0.0,
            1.0,
            1.0,
            1.0,
            1.0,
            0.0
        ],
        [
            1.0,
            1.0,
            1.0,
            1.0,
            1.0,
            1.0,
            1.0,
            0.0,
            0.0,
            0.0,
            0.0,
            1.0,
            1.0,
            1.0,
            1.0,
            1.0,
            1.0,
            1.0,
            0.0,
            1.0,
            1.0,
            1.0,
            1.0,
            0.0,
            0.0
        ],
        [
            0.0,
            0.0,
            1.0,
            1.0,
            1.0,
            1.0,
            0.0,
            0.0,
            0.0,
            0.0,
            0.0,
            0.0,
            1.0,
            1.0,
            1.0,
            1.0,
            1.0,
            1.0,
            1.0,
            1.0,
            1.0,
            0.0,
            0.0,
            0.0,
            0.0
        ]
    ],
    "Vehicle_capacities": [
        [
            44.0,
            44.0,
            44.0,
            44.0,
            0.0,
            107.0,
            107.0,
            107.0,
            107.0,
            107.0,
            0.0,
            97.0,
            97.0,
            97.0,
            97.0,
            97.0,
            97.0,
            97.0,
            97.0,
            0.0,
            0.0,
            19.0,
            19.0,
            19.0,
            0.0
        ],
        [
            0.0,
            0.0,
            0.0,
            17.0,
            17.0,
            17.0,
            17.0,
            17.0,
            17.0,
            17.0,
            17.0,
            0.0,
            79.0,
            79.0,
            79.0,
            79.0,
            79.0,
            79.0,
            79.0,
            0.0,
            37.0,
            37.0,
            37.0,
            37.0,
            0.0
        ],
        [
            49.0,
            49.0,
            49.0,
            49.0,
            49.0,
            49.0,
            49.0,
            0.0,
            0.0,
            0.0,
            0.0,
            63.0,
            63.0,
            63.0,
            63.0,
            63.0,
            63.0,
            63.0,
            0.0,
            15.0,
            15.0,
            15.0,
            15.0,
            0.0,
            0.0
        ],
        [
            0.0,
            0.0,
            25.0,
            25.0,
            25.0,
            25.0,
            0.0,
            0.0,
            0.0,
            0.0,
            0.0,
            0.0,
            53.0,
            53.0,
            53.0,
            53.0,
            53.0,
            53.0,
            53.0,
            53.0,
            53.0,
            0.0,
            0.0,
            0.0,
            0.0
        ]
    ],