{
    "SOC": [
        [
            0.0,
            0.6102572126266321,
            1.0,
            1.0,
            1.0,
            1.0,
            1.0,
            0.0,
            0.0,
            0.0,
            0.5467779331358795,
            0.9821945998025461,
            0.9821945998025461,
            0.9821945998025461,
            0.9821945998025461,
            0.9821945998025461,
            0.9821945998025461,
            0.0,
            0.0,
            0.7535643693054893,
            1.0,
            1.0,
            1.0,
            0.0,
            0.0
        ],
        [
            0.0,
            0.686653821530377,
            1.0,
            1.0,
            1.0,
            1.0,
            1.0,
            1.0,
            1.0,
            1.0,
            0.0,
            0.0,
            0.0,
            0.0,
            1.0,
            1.0,
            1.0,
            1.0,
            0.0,
            0.0,
            0.0,
            0.0,
            0.0,
            0.7455784931556821,
            0.0
        ],
        [
            0.0,
            0.9802281337324469,
            0.9802281337324469,
            1.0,
            1.0,
            1.0,
            1.0,
            0.0,
            0.0,
            1.0,
            1.0,
            1.0,
            1.0,
            1.0,
            1.0,
            1.0,
            0.0,
            0.0,
            0.0,
            0.0,
            0.0,
            0.0,
            0.0,
            1.0,
            0.0
        ],
        [
            0.0,
            0.0,
            0.37995857264246724,
            0.5809201111040057,
            0.7818816495655441,
            0.8609429519936063,
            0.0,
            0.0,
            1.0,
            1.0,
            1.0,
            1.0,
            1.0,
            1.0,
            1.0,
            0.0,
            0.0,
            0.44848721923223633,
            0.625605863300033,
            0.8027245073678295,
            0.8045615367137945,
            0.0,
            0.6200022034386263,
            0.7238869043106304,
            0.0
        ]
    ],
    "Grid_power": [
        5.881168335676193,
        69.22245322763919,
        59.300143715739246,
        19.754063904285427,
        17.443130689859387,
        14.530543839931488,
        -1.0382647823542357,
        -4.032008414120552,
        18.202471678839277,
        32.48479605575797,
        27.930696581817088,
        17.49916240162691,
        7.344884265727346,
        3.0839735490943774,
        18.060007007140477,
        -0.6623135257637,
        -5.453002606378328,
        26.91932961472115,
        17.14473908821647,
        42.223400805890556,
        21.700787198543548,
        -0.053204963356256484,
        24.83987583220005,
        56.442695680260655
    ],
    "Grid_energy": [
        5.881168335676193,
        69.22245322763919,
        59.300143715739246,
        19.754063904285427,
        17.443130689859387,
        14.530543839931488,
        -1.0382647823542357,
        -4.032008414120552,
        18.202471678839277,
        32.48479605575797,
        27.930696581817088,
        17.49916240162691,
        7.344884265727346,
        3.0839735490943774,
        18.060007007140477,
        -0.6623135257637,
        -5.453002606378328,
        26.91932961472115,
        17.14473908821647,
        42.223400805890556,
        21.700787198543548,
        -0.053204963356256484,
        24.83987583220005,
        56.442695680260655
    ],
    "Utilized_solar_energy": [
        0.0,
        0.0,
        0.0,
        0.0,
        0.0,
        0.0,
        0.0,
        0.05386696472871,
        0.16143373609965,
        0.24422990421059998,
        0.2782965051468,
        0.2769179936544,
        0.2513124140436,
        0.22479506305199998,
        0.22238266794029998,
        0.20353939273710006,
        0.15265793655944998,
        0.048055236257699994,
        0.00330327173169,
        0.0,
        0.0,
        0.0,
        0.0,
        0.0
    ],
    "Total_vehicle_penalties": [
        0,
        0,
        0,
        0,
        17.562795327707892,
        4.757561479624812,
        1.9336862600252491,
        0.0,
        0.0,
        0.0,
        0.0,
        0,
        0,
        0.0,
        0.0,
        0.0,
        0.0,
        0.0,
        0.0,
        14.01709695953136,
        3.891761999326555,
        3.81961929316735,
        0.0,
        0.0
    ],
    "Total_battery_penalties": [
        0.0,
        0.0,
        0.0,
        0.0,
        0.0,
        0.0,
        0.0,
        0.0,
        0.0,
        0.0,
        0.0,
        0.0,
        0.0,
        0.0,
        0.0,
        0.0,
        0.0,
        0.0,
        0.0,
        0.0,
        0.0,
        0.0,
        0.0,
        0.0
    ],
    "Total_penalties": [
        0.0,
        0.0,
        0.0,
        0.0,
        17.562795327707892,
        4.757561479624812,
        1.9336862600252491,
        0.0,
        0.0,
        0.0,
        0.0,
        0.0,
        0.0,
        0.0,
        0.0,
        0.0,
        0.0,
        0.0,
        0.0,
        14.01709695953136,
        3.891761999326555,
        3.81961929316735,
        0.0,
        0.0
    ],
    "Available_solar_energy": [
        [
            0.0,
            0.0,
            0.0,
            0.0,
            0.0,
            0.0,
            0.0,
            2.6933482364355,
            8.0716868049825,
            12.211495210529998,
            13.914825257339999,
            13.845899682719999,
            12.565620702179999,
            11.239753152599999,
            11.119133397014998,
            10.176969636855002,
            7.632896827972498,
            2.4027618128849997,
            0.16516358658449998,
            0.0,
            0.0,
            0.0,
            0.0,
            0.0,
            0.0,
            0.0,
            0.0,
            0.0,
            0.0,
            0.0,
            0.0,
            2.0084071226625,
            4.4346416213925,
            2.8490142044700004,
            1.1884234411350003,
            4.739311656449998,
            8.666373406477499,
            11.8385780021775,
            13.321631138759997,
            12.161971913804997,
            9.417227992987499,
            3.81858537816,
            0.32454719388,
            0.0,
            0.0,
            0.0,
            0.0,
            0.0
        ]
    ],
    "Total_cost": [
        0.5408165538965978,
        6.365512168686452,
        5.453083050756063,
        1.8165310285988427,
        19.166819101629187,
        6.093751535278382,
        2.0100671081256234,
        0.49270067532293216,
        2.7803668691831116,
        4.961944306200898,
        4.266320793102436,
        2.672938721640729,
        1.1219065866836642,
        0.4710666788899429,
        2.7586058655013495,
        0.08093294653762856,
        0.6663423759958409,
        4.111837860371453,
        2.6188017420228413,
        20.466580676702215,
        5.887308509765004,
        3.82353336238492,
        2.284208728612297,
        5.190319750798852
    ],
    "Battery_state_of_charge": [
        0.26135497792274665,
        0.3428856432682366,
        0.3185776613524647,
        0.2188930486759634,
        0.1756821822992058,
        0.2545342871418686,
        0.24155597736244067,
        0.19182920924504265,
        0.16012802693177924,
        0.26486263970960844,
        0.24031533807632494,
        0.20126634301734136,
        0.2459856062394099,
        0.2873452138912396,
        0.2546250848297493,
        0.24211399555322693,
        0.17585968718049097,
        0.2517019978177266,
        0.2048025273170786,
        0.2100950373907106,
        0.21739525908720658,
        0.21673019704525337,
        0.265978644947754,
        0.32435069990460735
    ],
    "Initial_battery_state_of_charge": 0.18784037372679424,