{
    "SOC": [
        [
            0.0,
            0.0,
            0.30145124099172393,
            0.0,
            0.0,
            0.0,
            0.0,
            0.30556449330452057,
            0.0,
            0.0,
            0.0,
            0.0,
            0.0,
            0.0,
            0.0,
            0.0,
            0.277955450979399,
            0.0,
            0.0,
            0.0,
            0.0,
            0.0,
            0.0,
            0.0,
            0.0
        ],
        [
            0.35348042693000303,
            0.0,
            0.0,
            0.0,
            0.0,
            0.0,
            0.0,
            0.0,
            0.0,
            0.0,
            0.2391151826937632,
            0.0,
            0.0,
            0.0,
            0.0,
            0.11383085799105822,
            0.0,
            0.0,
            0.0,
            0.0,
            0.0,
            0.0,
            0.0,
            0.0,
            0.0
        ],
        [
            0.0,
            0.17182347557064875,
            0.0,
            0.0,
            0.0,
            0.0,
            0.28908201277476187,
            0.0,
            0.0,
            0.0,
            0.0,
            0.8816906177886352,
            0.0,
            0.0,
            0.0,
            0.0,
            0.0,
            0.0,
            0.0,
            0.0,
            0.3078257924279677,
            0.0,
            0.0,
            0.0,
            0.0
        ],
        [
            0.0,
            0.0,
            0.0,
            0.0,
            0.0,
            0.0,
            0.0,
            0.0,
            0.6684328108865272,
            0.0,
            0.0,
            0.0,
            0.0,
            0.27346050076855855,
            0.0,
            0.0,
            0.0,
            0.0,
            0.0,
            0.0,
            0.0,
            0.0,
            0.0,
            0.2598106801665746,
            0.0
        ]
    ],
    "Arrivals": [
        [
            2,
            7,
            16
        ],
        [
            0,
            10,
            15
        ],
        [
            1,
            6,
            11,
            20
        ],
        [
            8,
            13,
            23
        ]
    ],
    "Departures": [
        [
            6,
            15,
            23
        ],
        [
            7,
            14,
            21
        ],
        [
            5,
            10,
            18,
            24
        ],
        [
            12,
            22,
            27
        ]
    ],
    "Charger_occupancy": [
        [
            0.0,
            0.0,
            1.0,
            1.0,
            1.0,
            1.0,
            0.0,
            1.0,
            1.0,
            1.0,
            1.0,
            1.0,
            1.0,
            1.0,
            1.0,
            0.0,
            1.0,
            1.0,
            1.0,
            1.0,
            1.0,
            1.0,
            1.0,
            0.0,
            0.0
        ],
        [
            1.0,
            1.0,
            1.0,
            1.0,
            1.0,
            1.0,
            1.0,
            0.0,
            0.0,
            0.0,
            1.0,
            1.0,
            1.0,
            1.0,
            0.0,
            1.0,
            1.0,
            1.0,
            1.0,
            1.0,
            1.0,
            0.0,
            0.0,
            0.0,
            0.0
        ],
        [
            0.0,
            1.0,
            1.0,
            1.0,
            1.0,
            0.0,
            1.0,
            1.0,
            1.0,
            1.0,
            0.0,
            1.0,
            1.0,
            1.0,
            1.0,
            1.0,
            1.0,
            1.0,
            0.0,
            0.0,
            1.0,
            1.0,
            1.0,
            1.0,
            0.0
        ],
        [
            0.0,
            0.0,
            0.0,
            0.0,
            0.0,
            0.0,
            0.0,
            0.0,
            1.0,
            1.0,
            1.0,
            1.0,
            0.0,
            1.0,
            1.0,
            1.0,
            1.0,
            1.0,
            1.0,
            1.0,
            1.0,
            1.0,
            0.0,
            1.0,
            0.0
        ]
    ],
    "Vehicle_capacities": [
        [
            0.0,
            0.0,
            71.0,
            71.0,
            71.0,
            71.0,
            0.0,
            107.0,
            107.0,
            107.0,
            107.0,
            107.0,
            107.0,
            107.0,
            107.0,
            0.0,
            103.0,
            103.0,
            103.0,
            103.0,
            103.0,
            103.0,
            103.0,
            0.0,
            0.0
        ],
        [
            60.0,
            60.0,
            60.0,
            60.0,
            60.0,
            60.0,
            60.0,
            0.0,
            0.0,
            0.0,
            69.0,
            69.0,
            69.0,
            69.0,
            0.0,
            99.0,
            99.0,
            99.0,
            99.0,
            99.0,
            99.0,
            0.0,
            0.0,
            0.0,
            0.0
        ],
        [
            0.0,
            62.0,
            62.0,
            62.0,
            62.0,
            0.0,
            22.0,
            22.0,
            22.0,
            22.0,
            0.0,
            75.0,
            75.0,
            75.0,
            75.0,
            75.0,
            75.0,
            75.0,
            0.0,
            0.0,
            99.0,
            99.0,
            99.0,
            99.0,
            0.0
        ],
        [
            0.0,
            0.0,
            0.0,
            0.0,
            0.0,
            0.0,
            0.0,
            0.0,
            55.0,
            55.0,
            55.0,
            55.0,
            0.0,
            74.0,
            74.0,
            74.0,
            74.0,
            74.0,
            74.0,
            74.0,
            74.0,
            74.0,
            0.0,
            98.0,
            0.0
        ]
    ],