{
    "SOC": [
        [
            0.7182682084336877,
            0.0,
            0.0,
            0.0,
            0.0,
            0.0,
            0.0,
            0.0,
            0.0,
            0.0,
            0.4154964411547841,
            0.0,
            0.0,
            0.0,
            0.0,
            0.0,
            0.0,
            0.0,
            0.0,
            0.2658767962273437,
            0.0,
            0.0,
            0.0,
            0.0,
            0.0
        ],
        [
            0.7304461941122254,
            0.0,
            0.0,
            0.0,
            0.0,
            0.0,
            0.0,
            0.0,
            0.0,
            0.0,
            0.0,
            0.0,
            0.1021973015484547,
            0.0,
            0.0,
            0.0,
            0.0,
            0.0,
            0.0,
            0.490924289822131,
            0.0,
            0.0,
            0.0,
            0.0,
            0.0
        ],
        [
            0.0,
            0.0,
            0.0,
            0.0,
            0.3012356859844749,
            0.0,
            0.0,
            0.0,
            0.0,
            0.0,
            0.0,
            0.0,
            0.0,
            0.0,
            0.0,
            0.0,
            0.0,
            0.8925070340282952,
            0.0,
            0.0,
            0.0,
            0.0,
            0.0,
            0.0,
            0.0
        ],
        [
            0.48272249257329725,
            0.0,
            0.0,
            0.0,
            0.0,
            0.0,
            0.0,
            0.6019355146048675,
            0.0,
            0.0,
            0.0,
            0.0,
            0.0,
            0.0,
            0.0,
            0.0,
            0.0,
            0.0,
            0.0,
            0.0,
            0.0,
            0.0,
            0.0,
            0.5263892569346303,
            0.0
        ]
    ],
    "Arrivals": [
        [
            0,
            10,
            19
        ],
        [
            0,
            12,
            19
        ],
        [
            4,
            17
        ],
        [
            0,
            7,
            23
        ]
    ],
    "Departures": [
        [
            8,
            18,
            23
        ],
        [
            9,
            16,
            24
        ],
        [
            11,
            24
        ],
        [
            6,
            13,
            27
        ]
    ],
    "Charger_occupancy": [
        [
            1.0,
            1.0,
            1.0,
            1.0,
            1.0,
            1.0,
            1.0,
            1.0,
            0.0,
            0.0,
            1.0,
            1.0,
            1.0,
            1.0,
            1.0,
            1.0,
            1.0,
            1.0,
            0.0,
            1.0,
            1.0,
            1.0,
            1.0,
            0.0,
            0.0
        ],
        [
            1.0,
            1.0,
            1.0,
            1.0,
            1.0,
            1.0,
            1.0,
            1.0,
            1.0,
            0.0,
            0.0,
            0.0,
            1.0,
            1.0,
            1.0,
            1.0,
            0.0,
            0.0,
            0.0,
            1.0,
            1.0,
            1.0,
            1.0,
            1.0,
            0.0
        ],
        [
            0.0,
            0.0,
            0.0,
            0.0,
            1.0,
            1.0,
            1.0,
            1.0,
            1.0,
            1.0,
            1.0,
            0.0,
            0.0,
            0.0,
            0.0,
            0.0,
            0.0,
            1.0,
            1.0,
            1.0,
            1.0,
            1.0,
            1.0,
            1.0,
            0.0
        ],
        [
            1.0,
            1.0,
            1.0,
            1.0,
            1.0,
            1.0,
            0.0,
            1.0,
            1.0,
            1.0,
            1.0,
            1.0,
            1.0,
            0.0,
            0.0,
            0.0,
            0.0,
            0.0,
            0.0,
            0.0,
            0.0,
            0.0,
            0.0,
            1.0,
            0.0
        ]
    ],
    "Vehicle_capacities": [
        [
            92.0,
            92.0,
            92.0,
            92.0,
            92.0,
            92.0,
            92.0,
            92.0,
            0.0,
            0.0,
            70.0,
            70.0,
            70.0,
            70.0,
            70.0,
            70.0,
            70.0,
            70.0,
            0.0,
            79.0,
            79.0,
            79.0,
            79.0,
            0.0,
            0.0
        ],
        [
            20.0,
            20.0,
            20.0,
            20.0,
            20.0,
            20.0,
            20.0,
            20.0,
            20.0,
            0.0,
            0.0,
            0.0,
            25.0,
            25.0,
            25.0,
            25.0,
            0.0,
            0.0,
            0.0,
            66.0,
            66.0,
            66.0,
            66.0,
            66.0,
            0.0
        ],
        [
            0.0,
            0.0,
            0.0,
            0.0,
            80.0,
            80.0,
            80.0,
            80.0,
            80.0,
            80.0,
            80.0,
            0.0,
            0.0,
            0.0,
            0.0,
            0.0,
            0.0,
            72.0,
            72.0,
            72.0,
            72.0,
            72.0,
            72.0,
            72.0,
            0.0
        ],
        [
            74.0,
            74.0,
            74.0,
            74.0,
            74.0,
            74.0,
            0.0,
            45.0,
            45.0,
            45.0,
            45.0,
            45.0,
            45.0,
            0.0,
            0.0,
            0.0,
            0.0,
            0.0,
            0.0,
            0.0,
            0.0,
            0.0,
            0.0,
            31.0,
            0.0
        ]
    ],