{
    "SOC": [
        [
            0.0,
            0.0,
            0.0,
            0.0,
            0.0,
            0.0,
            0.0,
            0.4137096720596547,
            0.0,
            0.0,
            0.0,
            0.0,
            0.0,
            0.0,
            0.0,
            0.8760688368398867,
            0.0,
            0.0,
            0.0,
            0.0,
            0.0,
            0.0,
            0.0,
            0.0,
            0.0
        ],
        [
            0.0,
            0.38602256254329403,
            0.0,
            0.0,
            0.0,
            0.0,
            0.0,
            0.12009702728301885,
            0.0,
            0.0,
            0.0,
            0.0,
            0.0,
            0.0,
            0.0,
            0.21046586361866054,
            0.0,
            0.0,
            0.0,
            0.0,
            0.0,
            0.0,
            0.0,
            0.0,
            0.0
        ],
        [
            0.0,
            0.4948381580501797,
            0.0,
            0.0,
            0.0,
            0.0,
            0.0,
            0.0,
            0.0,
            0.0,
            0.11273565488775486,
            0.0,
            0.0,
            0.0,
            0.0,
            0.0,
            0.0,
            0.0,
            0.0,
            0.0,
            0.0,
            0.3862267364263111,
            0.0,
            0.0,
            0.0
        ],
        [
            0.0,
            0.4909820597264849,
            0.0,
            0.0,
            0.0,
            0.0,
            0.0,
            0.0,
            0.0,
            0.6747206299369872,
            0.0,
            0.0,
            0.0,
            0.0,
            0.0,
            0.49806756512938966,
            0.0,
            0.0,
            0.0,
            0.0,
            0.0,
            0.0,
            0.0,
            0.0,
            0.0
        ]
    ],
    "Arrivals": [
        [
            7,
            15
        ],
        [
            1,
            7,
            15
        ],
        [
            1,
            10,
            21
        ],
        [
            1,
            9,
            15
        ]
    ],
    "Departures": [
        [
            14,
            21
        ],
        [
            6,
            14,
            24
        ],
        [
            8,
            19,
            25
        ],
        [
            7,
            14,
            22
        ]
    ],
    "Charger_occupancy": [
        [
            0.0,
            0.0,
            0.0,
            0.0,
            0.0,
            0.0,
            0.0,
            1.0,
            1.0,
            1.0,
            1.0,
            1.0,
            1.0,
            1.0,
            0.0,
            1.0,
            1.0,
            1.0,
            1.0,
            1.0,
            1.0,
            0.0,
            0.0,
            0.0,
            0.0
        ],
        [
            0.0,
            1.0,
            1.0,
            1.0,
            1.0,
            1.0,
            0.0,
            1.0,
            1.0,
            1.0,
            1.0,
            1.0,
            1.0,
            1.0,
            0.0,
            1.0,
            1.0,
            1.0,
            1.0,
            1.0,
            1.0,
            1.0,
            1.0,
            1.0,
            0.0
        ],
        [
            0.0,
            1.0,
            1.0,
            1.0,
            1.0,
            1.0,
            1.0,
            1.0,
            0.0,
            0.0,
            1.0,
            1.0,
            1.0,
            1.0,
            1.0,
            1.0,
            1.0,
            1.0,
            1.0,
            0.0,
            0.0,
            1.0,
            1.0,
            1.0,
            0.0
        ],
        [
            0.0,
            1.0,
            1.0,
            1.0,
            1.0,
            1.0,
            1.0,
            0.0,
            0.0,
            1.0,
            1.0,
            1.0,
            1.0,
            1.0,
            0.0,
            1.0,
            1.0,
            1.0,
            1.0,
            1.0,
            1.0,
            1.0,
            0.0,
            0.0,
            0.0
        ]
    ],
    "Vehicle_capacities": [
        [
            0.0,
            0.0,
            0.0,
            0.0,
            0.0,
            0.0,
            0.0,
            27.0,
            27.0,
            27.0,
            27.0,
            27.0,
            27.0,
            27.0,
            0.0,
            58.0,
            58.0,
            58.0,
            58.0,
            58.0,
            58.0,
            0.0,
            0.0,
            0.0,
            0.0
        ],
        [
            0.0,
            114.0,
            114.0,
            114.0,
            114.0,
            114.0,
            0.0,
            103.0,
            103.0,
            103.0,
            103.0,
            103.0,
            103.0,
            103.0,
            0.0,
            26.0,
            26.0,
            26.0,
            26.0,
            26.0,
            26.0,
            26.0,
            26.0,
            26.0,
            0.0
        ],
        [
            0.0,
            32.0,
            32.0,
            32.0,
            32.0,
            32.0,
            32.0,
            32.0,
            0.0,
            0.0,
            60.0,
            60.0,
            60.0,
            60.0,
            60.0,
            60.0,
            60.0,
            60.0,
            60.0,
            0.0,
            0.0,
            35.0,
            35.0,
            35.0,
            0.0
        ],
        [
            0.0,
            15.0,
            15.0,
            15.0,
            15.0,
            15.0,
            15.0,
            0.0,
            0.0,
            105.0,
            105.0,
            105.0,
            105.0,
            105.0,
            0.0,
            93.0,
            93.0,
            93.0,
            93.0,
            93.0,
            93.0,
            93.0,
            0.0,
            0.0,
            0.0
        ]
    ],