{
    "SOC": [
        [
            0.0,
            0.0,
            0.0,
            0.0,
            0.0,
            0.24168055278228057,
            0.0,
            0.0,
            0.0,
            0.0,
            0.0,
            0.0,
            0.0,
            0.0,
            0.0,
            0.0,
            0.0,
            0.19796297593212647,
            0.0,
            0.0,
            0.0,
            0.0,
            0.0,
            0.0,
            0.0
        ]
    ],
    "Grid_power": [
        0,
        0,
        0,
        0,
        0,
        0,
        0,
        0,
        0,
        0,
        0,
        0,
        0,
        0,
        0,
        0,
        0,
        0,
        0,
        0,
        0,
        0,
        0,
        0
    ],
    "Grid_energy": [
        0,
        0,
        0,
        0,
        0,
        0,
        0,
        0,
        0,
        0,
        0,
        0,
        0,
        0,
        0,
        0,
        0,
        0,
        0,
        0,
        0,
        0,
        0,
        0
    ],
    "Utilized_solar_energy": [
        0.0,
        0.0,
        0.0,
        0.0,
        0.0,
        0.0,
        0.0,
        2.6933482364355,
        8.0716868049825,
        12.211495210529998,
        13.914825257339999,
        13.845899682719999,
        12.565620702179999,
        11.239753152599999,
        11.119133397014998,
        10.176969636855002,
        7.632896827972498,
        2.4027618128849997,
        0.16516358658449998,
        0.0,
        0.0,
        0.0,
        0.0,
        0.0
    ],
    "Penalties": [
        0,
        0,
        0,
        0,
        0,
        0,
        0,
        0,
        0,
        0,
        0,
        0,
        0,
        4.0,
        0,
        0,
        0,
        0,
        0,
        0,
        0,
        4.0,
        0,
        0
    ],
    "Available_solar_energy": [
        [
            0.0,
            0.0,
            0.0,
            0.0,
            0.0,
            0.0,
            0.0,
            2.6933482364355,
            8.0716868049825,
            12.211495210529998,
            13.914825257339999,
            13.845899682719999,
            12.565620702179999,
            11.239753152599999,
            11.119133397014998,
            10.176969636855002,
            7.632896827972498,
            2.4027618128849997,
            0.16516358658449998,
            0.0,
            0.0,
            0.0,
            0.0,
            0.0,
            0.0,
            0.0,
            0.0,
            0.0,
            0.0,
            0.0,
            0.0,
            2.0084071226625,
            4.4346416213925,
            2.8490142044700004,
            1.1884234411350003,
            4.739311656449998,
            8.666373406477499,
            11.8385780021775,
            13.321631138759997,
            12.161971913804997,
            9.417227992987499,
            3.81858537816,
            0.32454719388,
            0.0,
            0.0,
            0.0,
            0.0,
            0.0
        ]
    ],
    "Total_cost": [
        0.0,
        0.0,
        0.0,
        0.0,
        0.0,
        0.0,
        0.0,
        0.0,
        0.0,
        0.0,
        0.0,
        0.0,
        0.0,
        4.0,
        0.0,
        0.0,
        0.0,
        0.0,
        0.0,
        0.0,
        0.0,
        4.0,
        0.0,
        0.0
    ],
    "Battery_state_of_charge": [
        0.9999824081024505,
        0.9999824081024505,
        0.9999824081024505,
        0.9999824081024505,
        0.9999824081024505,
        0.9561260622378899,
        0.9561260622378899,
        0.9812192858020022,
        0.9920801907190606,
        0.9959730596656188,
        0.9974948208736628,
        0.9988543463275361,
        0.9995387887958839,
        0.9996766671782151,
        0.9998225714085238,
        0.9999280359976893,
        0.9999700432518114,
        0.999979432550202,
        0.9999916344210121,
        0.9999916344210121,
        0.9999916344210121,
        0.9999916344210121,
        0.9999916344210121,
        0.9999916344210121
    ],
    "Grid_energy_cost": [
        0.0,
        0.0,
        0.0,
        0.0,
        0.0,
        0.0,
        0.0,
        0.0,
        0.0,
        0.0,
        0.0,
        0.0,
        0.0,
        4.0,
        0.0,
        0.0,
        0.0,
        0.0,
        0.0,
        0.0,
        0.0,
        4.0,
        0.0,
        0.0
    ]
}