{
    "SOC": [
        [
            0.2643435982962852,
            0.0,
            0.0,
            0.0,
            0.0,
            0.0,
            0.0,
            0.7329358207833442,
            0.0,
            0.0,
            0.0,
            0.0,
            0.7874176606906661,
            0.0,
            0.0,
            0.0,
            0.0,
            0.0,
            0.0,
            0.0,
            0.0,
            0.0,
            0.0,
            0.0,
            0.0
        ],
        [
            0.0,
            0.0,
            0.7382633389763045,
            0.0,
            0.0,
            0.0,
            0.0,
            0.0,
            0.5746219758859415,
            0.0,
            0.0,
            0.0,
            0.0,
            0.0,
            0.0,
            0.0,
            0.6737904282797472,
            0.0,
            0.0,
            0.0,
            0.0,
            0.0,
            0.0,
            0.0,
            0.0
        ],
        [
            0.0,
            0.0,
            0.0,
            0.0,
            0.0,
            0.0,
            0.8917999975982085,
            0.0,
            0.0,
            0.0,
            0.0,
            0.0,
            0.0,
            0.0,
            0.0,
            0.4196617044072005,
            0.0,
            0.0,
            0.0,
            0.0,
            0.0,
            0.0,
            0.0,
            0.0,
            0.0
        ],
        [
            0.0,
            0.0,
            0.5814229902578839,
            0.0,
            0.0,
            0.0,
            0.0,
            0.0,
            0.8914227880947274,
            0.0,
            0.0,
            0.0,
            0.0,
            0.0,
            0.0,
            0.0,
            0.0,
            0.0,
            0.0,
            0.0,
            0.857424431184849,
            0.0,
            0.0,
            0.0,
            0.0
        ]
    ],
    "Grid_power": [
        0,
        0,
        0,
        0,
        0,
        0,
        0,
        0,
        0,
        0,
        0,
        0,
        0,
        0,
        0,
        0,
        0,
        0,
        0,
        0,
        0,
        0,
        0,
        0
    ],
    "Grid_energy": [
        0,
        0,
        0,
        0,
        0,
        0,
        0,
        0,
        0,
        0,
        0,
        0,
        0,
        0,
        0,
        0,
        0,
        0,
        0,
        0,
        0,
        0,
        0,
        0
    ],
    "Utilized_solar_energy": [
        0.0,
        0.0,
        0.0,
        0.0,
        0.0,
        0.0,
        0.0,
        2.6933482364355,
        8.0716868049825,
        12.211495210529998,
        13.914825257339999,
        13.845899682719999,
        12.565620702179999,
        11.239753152599999,
        11.119133397014998,
        10.176969636855002,
        7.632896827972498,
        2.4027618128849997,
        0.16516358658449998,
        0.0,
        0.0,
        0.0,
        0.0,
        0.0
    ],
    "Penalties": [
        0,
        0,
        0,
        0,
        0,
        4.0,
        4.0,
        4.0,
        0,
        0,
        0,
        4.0,
        0,
        4.0,
        0,
        4.0,
        0,
        8.0,
        0,
        0,
        0,
        0,
        0,
        4.0
    ],
    "Available_solar_energy": [
        [
            0.0,
            0.0,
            0.0,
            0.0,
            0.0,
            0.0,
            0.0,
            2.6933482364355,
            8.0716868049825,
            12.211495210529998,
            13.914825257339999,
            13.845899682719999,
            12.565620702179999,
            11.239753152599999,
            11.119133397014998,
            10.176969636855002,
            7.632896827972498,
            2.4027618128849997,
            0.16516358658449998,
            0.0,
            0.0,
            0.0,
            0.0,
            0.0,
            0.0,
            0.0,
            0.0,
            0.0,
            0.0,
            0.0,
            0.0,
            2.0084071226625,
            4.4346416213925,
            2.8490142044700004,
            1.1884234411350003,
            4.739311656449998,
            8.666373406477499,
            11.8385780021775,
            13.321631138759997,
            12.161971913804997,
            9.417227992987499,
            3.81858537816,
            0.32454719388,
            0.0,
            0.0,
            0.0,
            0.0,
            0.0
        ]
    ],
    "Total_cost": [
        0.0,
        0.0,
        0.0,
        0.0,
        0.0,
        4.0,
        4.0,
        4.0,
        0.0,
        0.0,
        0.0,
        4.0,
        0.0,
        4.605437994003296,
        0.0,
        4.0,
        0.0,
        8.0,
        0.0,
        0.0,
        0.0,
        0.0,
        0.0,
        4.0
    ],
    "Battery_state_of_charge": [
        -20511.49399285886,
        -20511.49399285886,
        -20511.49399285886,
        -20511.49399285886,
        -20511.49399285886,
        -20511.49399285886,
        -20511.49399285886,
        -20511.460566389298,
        -20511.435666804577,
        -20511.283023114443,
        -20511.110696770396,
        -20510.93762302436,
        -20510.780552765584,
        -20511.113543662286,
        -20510.974554494824,
        -20510.890074179377,
        -20510.794662969027,
        -20510.764628446366,
        -20510.762563901535,
        -20510.762563901535,
        -20510.762563901535,
        -20510.762563901535,
        -20510.762563901535,
        -20510.762563901535
    ],
    "Grid_energy_cost": [
        0.0,
        0.0,
        0.0,
        0.0,
        0.0,
        4.0,
        4.0,
        4.0,
        0.0,
        0.0,
        0.0,
        4.0,
        0.0,
        4.605437994003296,
        0.0,
        4.0,
        0.0,
        8.0,
        0.0,
        0.0,
        0.0,
        0.0,
        0.0,
        4.0
    ]
}