{
    "SOC": [
        [
            0.2625622960278119,
            0.0,
            0.0,
            0.007620308920741081,
            0.040829440392553804,
            0.1689053000882268,
            0.2828414456918836,
            0.41624006126075985,
            0.0,
            0.0,
            0.0,
            0.0,
            0.9099985936893016,
            0.9290959716139707,
            0.9618625035024865,
            0.9865971229906451,
            0.0,
            0.0038096372759149916,
            0.0,
            0.010425702305210213,
            0.0,
            0.0,
            0.0,
            0.0,
            0.0
        ],
        [
            0.0,
            0.0,
            0.0,
            0.0,
            0.16893574359802432,
            0.0,
            0.0,
            0.1281351021849192,
            0.4208691088052896,
            0.0,
            0.8774356330541777,
            0.9210326221257952,
            0.9360731714512415,
            0.9845555390649048,
            0.0,
            0.4031868328856547,
            0.432130092798687,
            0.4592697339285565,
            0.4947162665927141,
            0.522083650629938,
            0.5560079902405792,
            0.5932856297210448,
            0.0,
            0.0,
            0.0
        ]
    ],
    "Grid_power": [
        0,
        0,
        0,
        0,
        0,
        0,
        0,
        0,
        0,
        0,
        0,
        0,
        0,
        0,
        0,
        0,
        0,
        0.6201325390444263,
        0,
        0,
        0,
        0,
        0,
        0
    ],
    "Grid_energy": [
        0,
        0,
        0,
        0,
        0,
        0,
        0,
        0,
        0,
        0,
        0,
        0,
        0,
        0,
        0,
        0,
        0,
        0.6201325390444263,
        0,
        0,
        0,
        0,
        0,
        0
    ],
    "Utilized_solar_energy": [
        0.0,
        0.0,
        0.0,
        0.0,
        0.0,
        0.0,
        0.0,
        2.6933482364355,
        8.0716868049825,
        12.211495210529998,
        13.914825257339999,
        13.845899682719999,
        12.565620702179999,
        11.239753152599999,
        11.119133397014998,
        10.176969636855002,
        7.632896827972498,
        2.4027618128849997,
        0.16516358658449998,
        0.0,
        0.0,
        0.0,
        0.0,
        0.0
    ],
    "Penalties": [
        0,
        0,
        0,
        0,
        0,
        0,
        0,
        0,
        1.3631026643073656,
        1.3415703565439179,
        0,
        0,
        0,
        0,
        0,
        0,
        0,
        0,
        0,
        0,
        3.9170291626325455,
        0,
        0.6616663159656283,
        0
    ],
    "Available_solar_energy": [
        [
            0.0,
            0.0,
            0.0,
            0.0,
            0.0,
            0.0,
            0.0,
            2.6933482364355,
            8.0716868049825,
            12.211495210529998,
            13.914825257339999,
            13.845899682719999,
            12.565620702179999,
            11.239753152599999,
            11.119133397014998,
            10.176969636855002,
            7.632896827972498,
            2.4027618128849997,
            0.16516358658449998,
            0.0,
            0.0,
            0.0,
            0.0,
            0.0,
            0.0,
            0.0,
            0.0,
            0.0,
            0.0,
            0.0,
            0.0,
            2.0084071226625,
            4.4346416213925,
            2.8490142044700004,
            1.1884234411350003,
            4.739311656449998,
            8.666373406477499,
            11.8385780021775,
            13.321631138759997,
            12.161971913804997,
            9.417227992987499,
            3.81858537816,
            0.32454719388,
            0.0,
            0.0,
            0.0,
            0.0,
            0.0
        ]
    ],
    "Total_cost": [
        0.0,
        0.0,
        0.0,
        0.0,
        0.0,
        0.0,
        0.0,
        0.0,
        1.417079490677128,
        1.3415703565439179,
        0.0,
        0.0,
        0.0,
        0.0,
        0.0,
        0.0,
        0.032494813203811646,
        0.11840397258150497,
        0.0,
        0.0,
        3.9170291626325455,
        0.0,
        0.6616663159656283,
        0.0
    ],
    "Battery_state_of_charge": [
        0.39373214842451965,
        0.39373214842451965,
        0.39373214842451965,
        0.3926420356285047,
        0.39050198429044064,
        0.3591379154725757,
        0.3378405337181749,
        0.3078890561471308,
        0.27820180164376146,
        0.32569964480305635,
        0.4168485465338322,
        0.45759680225083493,
        0.544582629303711,
        0.6275182169165197,
        0.6986773622224789,
        0.7455808858459876,
        0.7373135842560737,
        0.7321163240997999,
        0.7219672437068709,
        0.7069215652037972,
        0.6879069850207189,
        0.6610453813923338,
        0.6610453813923338,
        0.6610453813923338
    ],
    "Grid_energy_cost": [
        0.0,
        0.0,
        0.0,
        0.0,
        0.0,
        0.0,
        0.0,
        0.0,
        1.417079490677128,
        1.3415703565439179,
        0.0,
        0.0,
        0.0,
        0.0,
        0.0,
        0.0,
        0.032494813203811646,
        0.11840397258150497,
        0.0,
        0.0,
        3.9170291626325455,
        0.0,
        0.6616663159656283,
        0.0
    ]
}