{
    "SOC": [
        [
            0.0,
            0.0,
            0.6560831463572772,
            0.0,
            0.0,
            0.0,
            0.0,
            0.0,
            0.0,
            0.0,
            0.0,
            0.0,
            0.0,
            0.5708345537781145,
            0.0,
            0.0,
            0.0,
            0.0,
            0.0,
            0.2140982901167605,
            0.0,
            0.0,
            0.0,
            0.0,
            0.0
        ],
        [
            0.0,
            0.5000004154199522,
            0.0,
            0.0,
            0.0,
            0.0,
            0.0,
            0.0,
            0.17793626582118202,
            0.0,
            0.0,
            0.0,
            0.0,
            0.0,
            0.0,
            0.0,
            0.0,
            0.0,
            0.0,
            0.8791573793953992,
            0.0,
            0.0,
            0.0,
            0.0,
            0.0
        ]
    ],
    "Arrivals": [
        [
            2,
            13,
            19
        ],
        [
            1,
            8,
            19
        ]
    ],
    "Departures": [
        [
            11,
            18,
            24
        ],
        [
            5,
            16,
            23
        ]
    ],
    "Charger_occupancy": [
        [
            0.0,
            0.0,
            1.0,
            1.0,
            1.0,
            1.0,
            1.0,
            1.0,
            1.0,
            1.0,
            1.0,
            0.0,
            0.0,
            1.0,
            1.0,
            1.0,
            1.0,
            1.0,
            0.0,
            1.0,
            1.0,
            1.0,
            1.0,
            1.0,
            0.0
        ],
        [
            0.0,
            1.0,
            1.0,
            1.0,
            1.0,
            0.0,
            0.0,
            0.0,
            1.0,
            1.0,
            1.0,
            1.0,
            1.0,
            1.0,
            1.0,
            1.0,
            0.0,
            0.0,
            0.0,
            1.0,
            1.0,
            1.0,
            1.0,
            0.0,
            0.0
        ]
    ],
    "Vehicle_capacities": [
        [
            0.0,
            0.0,
            55.0,
            55.0,
            55.0,
            55.0,
            55.0,
            55.0,
            55.0,
            55.0,
            55.0,
            0.0,
            0.0,
            58.0,
            58.0,
            58.0,
            58.0,
            58.0,
            0.0,
            109.0,
            109.0,
            109.0,
            109.0,
            109.0,
            0.0
        ],
        [
            0.0,
            105.0,
            105.0,
            105.0,
            105.0,
            0.0,
            0.0,
            0.0,
            76.0,
            76.0,
            76.0,
            76.0,
            76.0,
            76.0,
            76.0,
            76.0,
            0.0,
            0.0,
            0.0,
            68.0,
            68.0,
            68.0,
            68.0,
            0.0,
            0.0
        ]
    ],
    "Requested_SOC": [
        [
            0.0,
            0.0,
            1.0,
            1.0,
            1.0,
            1.0,
            1.0,
            1.0,
            1.0,
            1.0,
            1.0,
            0.0,
            0.0,
            1.0,
            1.0,
            1.0,
            1.0,
            1.0,
            0.0,
            1.0,
            1.0,
            1.0,
            1.0,
            1.0,
            0.0
        ],
        [
            0.0,
            1.0,
            1.0,
            1.0,
            1.0,
            0.0,
            0.0,
            0.0,
            1.0,
            1.0,
            1.0,
            1.0,
            1.0,
            1.0,
            1.0,
            1.0,
            0.0,
            0.0,
            0.0,
            1.0,
            1.0,
            1.0,
            1.0,
            0.0,
            0.0
        ]
    ]
}