{
    "SOC": [
        [
            0.8011667257252814,
            0.0,
            0.0,
            0.0,
            0.0,
            0.0,
            0.0,
            0.0,
            0.0,
            0.5008362860838134,
            0.0,
            0.0,
            0.0,
            0.0,
            0.0,
            0.0,
            0.0,
            0.0,
            0.0,
            0.0,
            0.0,
            0.8980448427126636,
            0.0,
            0.0,
            0.0
        ],
        [
            0.0,
            0.0,
            0.1655728927872814,
            0.0,
            0.0,
            0.0,
            0.0,
            0.0,
            0.0,
            0.0,
            0.7882333796024594,
            0.0,
            0.0,
            0.0,
            0.0,
            0.0,
            0.0,
            0.0,
            0.0,
            0.7663565182072375,
            0.0,
            0.0,
            0.0,
            0.0,
            0.0
        ],
        [
            0.32992227682270503,
            0.0,
            0.0,
            0.0,
            0.0,
            0.0,
            0.0,
            0.0,
            0.0,
            0.0,
            0.0,
            0.11352818036729816,
            0.0,
            0.0,
            0.0,
            0.0,
            0.0,
            0.30916283260487054,
            0.0,
            0.0,
            0.0,
            0.0,
            0.0,
            0.0,
            0.0
        ],
        [
            0.7856050527971855,
            0.0,
            0.0,
            0.0,
            0.0,
            0.0,
            0.0,
            0.0,
            0.10388438668891285,
            0.0,
            0.0,
            0.0,
            0.0,
            0.0,
            0.0,
            0.0,
            0.0,
            0.0,
            0.5327061573345561,
            0.0,
            0.0,
            0.0,
            0.0,
            0.0,
            0.0
        ]
    ],
    "Arrivals": [
        [
            0,
            9,
            21
        ],
        [
            2,
            10,
            19
        ],
        [
            0,
            11,
            17
        ],
        [
            0,
            8,
            18
        ]
    ],
    "Departures": [
        [
            5,
            13,
            25
        ],
        [
            8,
            17,
            23
        ],
        [
            9,
            15,
            23
        ],
        [
            4,
            13,
            23
        ]
    ],
    "Charger_occupancy": [
        [
            1.0,
            1.0,
            1.0,
            1.0,
            1.0,
            0.0,
            0.0,
            0.0,
            0.0,
            1.0,
            1.0,
            1.0,
            1.0,
            0.0,
            0.0,
            0.0,
            0.0,
            0.0,
            0.0,
            0.0,
            0.0,
            1.0,
            1.0,
            1.0,
            0.0
        ],
        [
            0.0,
            0.0,
            1.0,
            1.0,
            1.0,
            1.0,
            1.0,
            1.0,
            0.0,
            0.0,
            1.0,
            1.0,
            1.0,
            1.0,
            1.0,
            1.0,
            1.0,
            0.0,
            0.0,
            1.0,
            1.0,
            1.0,
            1.0,
            0.0,
            0.0
        ],
        [
            1.0,
            1.0,
            1.0,
            1.0,
            1.0,
            1.0,
            1.0,
            1.0,
            1.0,
            0.0,
            0.0,
            1.0,
            1.0,
            1.0,
            1.0,
            0.0,
            0.0,
            1.0,
            1.0,
            1.0,
            1.0,
            1.0,
            1.0,
            0.0,
            0.0
        ],
        [
            1.0,
            1.0,
            1.0,
            1.0,
            0.0,
            0.0,
            0.0,
            0.0,
            1.0,
            1.0,
            1.0,
            1.0,
            1.0,
            0.0,
            0.0,
            0.0,
            0.0,
            0.0,
            1.0,
            1.0,
            1.0,
            1.0,
            1.0,
            0.0,
            0.0
        ]
    ],
    "Vehicle_capacities": [
        [
            83.0,
            83.0,
            83.0,
            83.0,
            83.0,
            0.0,
            0.0,
            0.0,
            0.0,
            86.0,
            86.0,
            86.0,
            86.0,
            0.0,
            0.0,
            0.0,
            0.0,
            0.0,
            0.0,
            0.0,
            0.0,
            18.0,
            18.0,
            18.0,
            0.0
        ],
        [
            0.0,
            0.0,
            38.0,
            38.0,
            38.0,
            38.0,
            38.0,
            38.0,
            0.0,
            0.0,
            111.0,
            111.0,
            111.0,
            111.0,
            111.0,
            111.0,
            111.0,
            0.0,
            0.0,
            27.0,
            27.0,
            27.0,
            27.0,
            0.0,
            0.0
        ],
        [
            119.0,
            119.0,
            119.0,
            119.0,
            119.0,
            119.0,
            119.0,
            119.0,
            119.0,
            0.0,
            0.0,
            115.0,
            115.0,
            115.0,
            115.0,
            0.0,
            0.0,
            92.0,
            92.0,
            92.0,
            92.0,
            92.0,
            92.0,
            0.0,
            0.0
        ],
        [
            116.0,
            116.0,
            116.0,
            116.0,
            0.0,
            0.0,
            0.0,
            0.0,
            54.0,
            54.0,
            54.0,
            54.0,
            54.0,
            0.0,
            0.0,
            0.0,
            0.0,
            0.0,
            100.0,
            100.0,
            100.0,
            100.0,
            100.0,
            0.0,
            0.0
        ]
    ],