{
    "SOC": [
        [
            0.5204301208055412,
            0.0,
            0.0,
            0.0,
            0.0,
            0.0,
            0.0,
            0.0,
            0.0,
            0.0,
            0.0,
            0.0,
            0.0,
            0.0,
            0.8367043239874807,
            0.0,
            0.0,
            0.0,
            0.0,
            0.0,
            0.0,
            0.14239705197265176,
            0.0,
            0.0,
            0.0
        ],
        [
            0.0,
            0.0,
            0.0,
            0.42141913931315256,
            0.0,
            0.0,
            0.0,
            0.0,
            0.0,
            0.8411284617883963,
            0.0,
            0.0,
            0.0,
            0.0,
            0.0,
            0.0,
            0.0,
            0.12607995168357997,
            0.0,
            0.0,
            0.0,
            0.0,
            0.0,
            0.19720786180416916,
            0.0
        ],
        [
            0.1023920426367388,
            0.0,
            0.0,
            0.0,
            0.0,
            0.0,
            0.0,
            0.3701181922323711,
            0.0,
            0.0,
            0.0,
            0.0,
            0.0,
            0.0,
            0.0,
            0.0,
            0.0,
            0.0,
            0.0,
            0.0,
            0.0,
            0.38564745081297236,
            0.0,
            0.0,
            0.0
        ],
        [
            0.0,
            0.8418982285821736,
            0.0,
            0.0,
            0.0,
            0.0,
            0.0,
            0.0,
            0.0,
            0.20113791180767385,
            0.0,
            0.0,
            0.0,
            0.0,
            0.0,
            0.0,
            0.0,
            0.0,
            0.4918049533349125,
            0.0,
            0.0,
            0.0,
            0.0,
            0.0,
            0.0
        ]
    ],
    "Arrivals": [
        [
            0,
            14,
            21
        ],
        [
            3,
            9,
            17,
            23
        ],
        [
            0,
            7,
            21
        ],
        [
            1,
            9,
            18
        ]
    ],
    "Departures": [
        [
            7,
            20,
            25
        ],
        [
            8,
            16,
            21,
            27
        ],
        [
            5,
            14,
            25
        ],
        [
            7,
            17,
            24
        ]
    ],
    "Charger_occupancy": [
        [
            1.0,
            1.0,
            1.0,
            1.0,
            1.0,
            1.0,
            1.0,
            0.0,
            0.0,
            0.0,
            0.0,
            0.0,
            0.0,
            0.0,
            1.0,
            1.0,
            1.0,
            1.0,
            1.0,
            1.0,
            0.0,
            1.0,
            1.0,
            1.0,
            0.0
        ],
        [
            0.0,
            0.0,
            0.0,
            1.0,
            1.0,
            1.0,
            1.0,
            1.0,
            0.0,
            1.0,
            1.0,
            1.0,
            1.0,
            1.0,
            1.0,
            1.0,
            0.0,
            1.0,
            1.0,
            1.0,
            1.0,
            0.0,
            0.0,
            1.0,
            0.0
        ],
        [
            1.0,
            1.0,
            1.0,
            1.0,
            1.0,
            0.0,
            0.0,
            1.0,
            1.0,
            1.0,
            1.0,
            1.0,
            1.0,
            1.0,
            0.0,
            0.0,
            0.0,
            0.0,
            0.0,
            0.0,
            0.0,
            1.0,
            1.0,
            1.0,
            0.0
        ],
        [
            0.0,
            1.0,
            1.0,
            1.0,
            1.0,
            1.0,
            1.0,
            0.0,
            0.0,
            1.0,
            1.0,
            1.0,
            1.0,
            1.0,
            1.0,
            1.0,
            1.0,
            0.0,
            1.0,
            1.0,
            1.0,
            1.0,
            1.0,
            1.0,
            0.0
        ]
    ],
    "Vehicle_capacities": [
        [
            22.0,
            22.0,
            22.0,
            22.0,
            22.0,
            22.0,
            22.0,
            0.0,
            0.0,
            0.0,
            0.0,
            0.0,
            0.0,
            0.0,
            28.0,
            28.0,
            28.0,
            28.0,
            28.0,
            28.0,
            0.0,
            28.0,
            28.0,
            28.0,
            0.0
        ],
        [
            0.0,
            0.0,
            0.0,
            77.0,
            77.0,
            77.0,
            77.0,
            77.0,
            0.0,
            66.0,
            66.0,
            66.0,
            66.0,
            66.0,
            66.0,
            66.0,
            0.0,
            75.0,
            75.0,
            75.0,
            75.0,
            0.0,
            0.0,
            82.0,
            0.0
        ],
        [
            99.0,
            99.0,
            99.0,
            99.0,
            99.0,
            0.0,
            0.0,
            117.0,
            117.0,
            117.0,
            117.0,
            117.0,
            117.0,
            117.0,
            0.0,
            0.0,
            0.0,
            0.0,
            0.0,
            0.0,
            0.0,
            39.0,
            39.0,
            39.0,
            0.0
        ],
        [
            0.0,
            53.0,
            53.0,
            53.0,
            53.0,
            53.0,
            53.0,
            0.0,
            0.0,
            61.0,
            61.0,
            61.0,
            61.0,
            61.0,
            61.0,
            61.0,
            61.0,
            0.0,
            77.0,
            77.0,
            77.0,
            77.0,
            77.0,
            77.0,
            0.0
        ]
    ],