{
    "SOC": [
        [
            0.0,
            0.29789142718360195,
            0.0,
            0.0,
            0.0,
            0.0,
            0.0,
            0.0,
            0.6591726158396422,
            0.0,
            0.0,
            0.0,
            0.0,
            0.0,
            0.0,
            0.5942757367448664,
            0.0,
            0.0,
            0.0,
            0.0,
            0.0,
            0.0,
            0.5153838392473855,
            0.0,
            0.0
        ],
        [
            0.0,
            0.0,
            0.0,
            0.3617443590647068,
            0.0,
            0.0,
            0.0,
            0.0,
            0.0,
            0.0,
            0.0,
            0.0,
            0.7627673471198982,
            0.0,
            0.0,
            0.0,
            0.0,
            0.0,
            0.0,
            0.2538925426837295,
            0.0,
            0.0,
            0.0,
            0.0,
            0.0
        ],
        [
            0.0,
            0.6739367185737758,
            0.0,
            0.0,
            0.0,
            0.0,
            0.0,
            0.0,
            0.6227249459356662,
            0.0,
            0.0,
            0.0,
            0.0,
            0.0,
            0.0,
            0.0,
            0.44451161640341985,
            0.0,
            0.0,
            0.0,
            0.0,
            0.0,
            0.0,
            0.0,
            0.0
        ],
        [
            0.0,
            0.23845356127197226,
            0.0,
            0.0,
            0.0,
            0.0,
            0.0,
            0.14421343608069384,
            0.0,
            0.0,
            0.0,
            0.0,
            0.0,
            0.0,
            0.0,
            0.0,
            0.4294622474674237,
            0.0,
            0.0,
            0.0,
            0.0,
            0.0,
            0.29170658652104153,
            0.0,
            0.0
        ]
    ],
    "Arrivals": [
        [
            1,
            8,
            15,
            22
        ],
        [
            3,
            12,
            19
        ],
        [
            1,
            8,
            16
        ],
        [
            1,
            7,
            16,
            22
        ]
    ],
    "Departures": [
        [
            7,
            14,
            21,
            26
        ],
        [
            8,
            16,
            23
        ],
        [
            5,
            14,
            24
        ],
        [
            5,
            12,
            21,
            26
        ]
    ],
    "Charger_occupancy": [
        [
            0.0,
            1.0,
            1.0,
            1.0,
            1.0,
            1.0,
            1.0,
            0.0,
            1.0,
            1.0,
            1.0,
            1.0,
            1.0,
            1.0,
            0.0,
            1.0,
            1.0,
            1.0,
            1.0,
            1.0,
            1.0,
            0.0,
            1.0,
            1.0,
            0.0
        ],
        [
            0.0,
            0.0,
            0.0,
            1.0,
            1.0,
            1.0,
            1.0,
            1.0,
            0.0,
            0.0,
            0.0,
            0.0,
            1.0,
            1.0,
            1.0,
            1.0,
            0.0,
            0.0,
            0.0,
            1.0,
            1.0,
            1.0,
            1.0,
            0.0,
            0.0
        ],
        [
            0.0,
            1.0,
            1.0,
            1.0,
            1.0,
            0.0,
            0.0,
            0.0,
            1.0,
            1.0,
            1.0,
            1.0,
            1.0,
            1.0,
            0.0,
            0.0,
            1.0,
            1.0,
            1.0,
            1.0,
            1.0,
            1.0,
            1.0,
            1.0,
            0.0
        ],
        [
            0.0,
            1.0,
            1.0,
            1.0,
            1.0,
            0.0,
            0.0,
            1.0,
            1.0,
            1.0,
            1.0,
            1.0,
            0.0,
            0.0,
            0.0,
            0.0,
            1.0,
            1.0,
            1.0,
            1.0,
            1.0,
            0.0,
            1.0,
            1.0,
            0.0
        ]
    ],
    "Vehicle_capacities": [
        [
            0.0,
            50.0,
            50.0,
            50.0,
            50.0,
            50.0,
            50.0,
            0.0,
            32.0,
            32.0,
            32.0,
            32.0,
            32.0,
            32.0,
            0.0,
            96.0,
            96.0,
            96.0,
            96.0,
            96.0,
            96.0,
            0.0,
            44.0,
            44.0,
            0.0
        ],
        [
            0.0,
            0.0,
            0.0,
            15.0,
            15.0,
            15.0,
            15.0,
            15.0,
            0.0,
            0.0,
            0.0,
            0.0,
            30.0,
            30.0,
            30.0,
            30.0,
            0.0,
            0.0,
            0.0,
            119.0,
            119.0,
            119.0,
            119.0,
            0.0,
            0.0
        ],
        [
            0.0,
            91.0,
            91.0,
            91.0,
            91.0,
            0.0,
            0.0,
            0.0,
            115.0,
            115.0,
            115.0,
            115.0,
            115.0,
            115.0,
            0.0,
            0.0,
            56.0,
            56.0,
            56.0,
            56.0,
            56.0,
            56.0,
            56.0,
            56.0,
            0.0
        ],
        [
            0.0,
            104.0,
            104.0,
            104.0,
            104.0,
            0.0,
            0.0,
            25.0,
            25.0,
            25.0,
            25.0,
            25.0,
            0.0,
            0.0,
            0.0,
            0.0,
            92.0,
            92.0,
            92.0,
            92.0,
            92.0,
            0.0,
            79.0,
            79.0,
            0.0
        ]
    ],