{
    "SOC": [
        [
            0.43609482032000313,
            0.0,
            0.0,
            0.0,
            0.0,
            0.0,
            0.0,
            0.0,
            0.0,
            0.0,
            0.0,
            0.0,
            0.0,
            0.5879573935898513,
            0.0,
            0.0,
            0.0,
            0.0,
            0.0,
            0.5823034945367122,
            0.0,
            0.0,
            0.0,
            0.0,
            0.0
        ],
        [
            0.7065584047714578,
            0.0,
            0.0,
            0.0,
            0.0,
            0.0,
            0.0,
            0.0,
            0.0,
            0.0,
            0.7113570099324348,
            0.0,
            0.0,
            0.0,
            0.0,
            0.0,
            0.0,
            0.0,
            0.0,
            0.8236642238325586,
            0.0,
            0.0,
            0.0,
            0.0,
            0.0
        ],
        [
            0.0,
            0.534655540288718,
            0.0,
            0.0,
            0.0,
            0.0,
            0.0,
            0.0,
            0.0,
            0.0,
            0.6122265571581611,
            0.0,
            0.0,
            0.0,
            0.0,
            0.0,
            0.0,
            0.0,
            0.0,
            0.0,
            0.1511229393529769,
            0.0,
            0.0,
            0.0,
            0.0
        ],
        [
            0.0,
            0.0,
            0.0,
            0.0,
            0.0,
            0.5608450048572122,
            0.0,
            0.0,
            0.0,
            0.0,
            0.0,
            0.8207086997524915,
            0.0,
            0.0,
            0.0,
            0.0,
            0.0,
            0.0,
            0.0,
            0.0,
            0.0,
            0.0,
            0.6753123239558586,
            0.0,
            0.0
        ]
    ],
    "Arrivals": [
        [
            0,
            13,
            19
        ],
        [
            0,
            10,
            19
        ],
        [
            1,
            10,
            20
        ],
        [
            5,
            11,
            22
        ]
    ],
    "Departures": [
        [
            8,
            17,
            24
        ],
        [
            8,
            18,
            24
        ],
        [
            8,
            19,
            24
        ],
        [
            10,
            20,
            26
        ]
    ],
    "Charger_occupancy": [
        [
            1.0,
            1.0,
            1.0,
            1.0,
            1.0,
            1.0,
            1.0,
            1.0,
            0.0,
            0.0,
            0.0,
            0.0,
            0.0,
            1.0,
            1.0,
            1.0,
            1.0,
            0.0,
            0.0,
            1.0,
            1.0,
            1.0,
            1.0,
            1.0,
            0.0
        ],
        [
            1.0,
            1.0,
            1.0,
            1.0,
            1.0,
            1.0,
            1.0,
            1.0,
            0.0,
            0.0,
            1.0,
            1.0,
            1.0,
            1.0,
            1.0,
            1.0,
            1.0,
            1.0,
            0.0,
            1.0,
            1.0,
            1.0,
            1.0,
            1.0,
            0.0
        ],
        [
            0.0,
            1.0,
            1.0,
            1.0,
            1.0,
            1.0,
            1.0,
            1.0,
            0.0,
            0.0,
            1.0,
            1.0,
            1.0,
            1.0,
            1.0,
            1.0,
            1.0,
            1.0,
            1.0,
            0.0,
            1.0,
            1.0,
            1.0,
            1.0,
            0.0
        ],
        [
            0.0,
            0.0,
            0.0,
            0.0,
            0.0,
            1.0,
            1.0,
            1.0,
            1.0,
            1.0,
            0.0,
            1.0,
            1.0,
            1.0,
            1.0,
            1.0,
            1.0,
            1.0,
            1.0,
            1.0,
            0.0,
            0.0,
            1.0,
            1.0,
            0.0
        ]
    ],
    "Vehicle_capacities": [
        [
            52.0,
            52.0,
            52.0,
            52.0,
            52.0,
            52.0,
            52.0,
            52.0,
            0.0,
            0.0,
            0.0,
            0.0,
            0.0,
            41.0,
            41.0,
            41.0,
            41.0,
            0.0,
            0.0,
            23.0,
            23.0,
            23.0,
            23.0,
            23.0,
            0.0
        ],
        [
            67.0,
            67.0,
            67.0,
            67.0,
            67.0,
            67.0,
            67.0,
            67.0,
            0.0,
            0.0,
            24.0,
            24.0,
            24.0,
            24.0,
            24.0,
            24.0,
            24.0,
            24.0,
            0.0,
            41.0,
            41.0,
            41.0,
            41.0,
            41.0,
            0.0
        ],
        [
            0.0,
            18.0,
            18.0,
            18.0,
            18.0,
            18.0,
            18.0,
            18.0,
            0.0,
            0.0,
            66.0,
            66.0,
            66.0,
            66.0,
            66.0,
            66.0,
            66.0,
            66.0,
            66.0,
            0.0,
            49.0,
            49.0,
            49.0,
            49.0,
            0.0
        ],
        [
            0.0,
            0.0,
            0.0,
            0.0,
            0.0,
            114.0,
            114.0,
            114.0,
            114.0,
            114.0,
            0.0,
            79.0,
            79.0,
            79.0,
            79.0,
            79.0,
            79.0,
            79.0,
            79.0,
            79.0,
            0.0,
            0.0,
            106.0,
            106.0,
            0.0
        ]
    ],