{
    "SOC": [
        [
            0.0,
            0.0,
            0.5811575500063688,
            0.0,
            0.0,
            0.0,
            0.0,
            0.11772911732543223,
            0.0,
            0.0,
            0.0,
            0.0,
            0.0,
            0.0,
            0.0,
            0.0,
            0.0,
            0.0,
            0.5003317703030978,
            0.0,
            0.0,
            0.0,
            0.0,
            0.0,
            0.0
        ]
    ],
    "Arrivals": [
        [
            2,
            7,
            18
        ]
    ],
    "Departures": [
        [
            6,
            13,
            22
        ]
    ],
    "Charger_occupancy": [
        [
            0.0,
            0.0,
            1.0,
            1.0,
            1.0,
            1.0,
            0.0,
            1.0,
            1.0,
            1.0,
            1.0,
            1.0,
            1.0,
            0.0,
            0.0,
            0.0,
            0.0,
            0.0,
            1.0,
            1.0,
            1.0,
            1.0,
            0.0,
            0.0,
            0.0
        ]
    ],
    "Vehicle_capacities": [
        [
            0.0,
            0.0,
            70.0,
            70.0,
            70.0,
            70.0,
            0.0,
            104.0,
            104.0,
            104.0,
            104.0,
            104.0,
            104.0,
            0.0,
            0.0,
            0.0,
            0.0,
            0.0,
            18.0,
            18.0,
            18.0,
            18.0,
            0.0,
            0.0,
            0.0
        ]
    ],
    "Requested_SOC": [
        [
            0.0,
            0.0,
            1.0,
            1.0,
            1.0,
            1.0,
            0.0,
            1.0,
            1.0,
            1.0,
            1.0,
            1.0,
            1.0,
            0.0,
            0.0,
            0.0,
            0.0,
            0.0,
            1.0,
            1.0,
            1.0,
            1.0,
            0.0,
            0.0,
            0.0
        ]
    ]
}