{
    "SOC": [
        [
            0.0,
            0.0,
            0.0,
            0.0,
            0.23347477550555837,
            0.0,
            0.0,
            0.0,
            0.0,
            0.0,
            0.0,
            0.0,
            0.0,
            0.21797494600264786,
            0.0,
            0.0,
            0.0,
            0.0,
            0.0,
            0.0,
            0.0,
            0.6177963914381055,
            0.0,
            0.0,
            0.0
        ],
        [
            0.0,
            0.0,
            0.0,
            0.6446464889100142,
            0.0,
            0.0,
            0.0,
            0.0,
            0.0,
            0.0,
            0.0,
            0.0,
            0.0,
            0.6551003576441602,
            0.0,
            0.0,
            0.0,
            0.0,
            0.0,
            0.0,
            0.0,
            0.19500152669451662,
            0.0,
            0.0,
            0.0
        ]
    ],
    "Arrivals": [
        [
            4,
            13,
            21
        ],
        [
            3,
            13,
            21
        ]
    ],
    "Departures": [
        [
            11,
            18,
            25
        ],
        [
            12,
            20,
            25
        ]
    ],
    "Charger_occupancy": [
        [
            0.0,
            0.0,
            0.0,
            0.0,
            1.0,
            1.0,
            1.0,
            1.0,
            1.0,
            1.0,
            1.0,
            0.0,
            0.0,
            1.0,
            1.0,
            1.0,
            1.0,
            1.0,
            0.0,
            0.0,
            0.0,
            1.0,
            1.0,
            1.0,
            0.0
        ],
        [
            0.0,
            0.0,
            0.0,
            1.0,
            1.0,
            1.0,
            1.0,
            1.0,
            1.0,
            1.0,
            1.0,
            1.0,
            0.0,
            1.0,
            1.0,
            1.0,
            1.0,
            1.0,
            1.0,
            1.0,
            0.0,
            1.0,
            1.0,
            1.0,
            0.0
        ]
    ],
    "Vehicle_capacities": [
        [
            0.0,
            0.0,
            0.0,
            0.0,
            32.0,
            32.0,
            32.0,
            32.0,
            32.0,
            32.0,
            32.0,
            0.0,
            0.0,
            103.0,
            103.0,
            103.0,
            103.0,
            103.0,
            0.0,
            0.0,
            0.0,
            51.0,
            51.0,
            51.0,
            0.0
        ],
        [
            0.0,
            0.0,
            0.0,
            71.0,
            71.0,
            71.0,
            71.0,
            71.0,
            71.0,
            71.0,
            71.0,
            71.0,
            0.0,
            61.0,
            61.0,
            61.0,
            61.0,
            61.0,
            61.0,
            61.0,
            0.0,
            22.0,
            22.0,
            22.0,
            0.0
        ]
    ],
    "Requested_SOC": [
        [
            0.0,
            0.0,
            0.0,
            0.0,
            1.0,
            1.0,
            1.0,
            1.0,
            1.0,
            1.0,
            1.0,
            0.0,
            0.0,
            1.0,
            1.0,
            1.0,
            1.0,
            1.0,
            0.0,
            0.0,
            0.0,
            1.0,
            1.0,
            1.0,
            0.0
        ],
        [
            0.0,
            0.0,
            0.0,
            1.0,
            1.0,
            1.0,
            1.0,
            1.0,
            1.0,
            1.0,
            1.0,
            1.0,
            0.0,
            1.0,
            1.0,
            1.0,
            1.0,
            1.0,
            1.0,
            1.0,
            0.0,
            1.0,
            1.0,
            1.0,
            0.0
        ]
    ]
}