{
    "SOC": [
        [
            1.0,
            1.0,
            1.0,
            1.0,
            1.0,
            1.0,
            0.0,
            1.0,
            1.0,
            1.0,
            1.0,
            1.0,
            1.0,
            1.0,
            1.0,
            0.0,
            1.0,
            1.0,
            1.0,
            1.0,
            1.0,
            1.0,
            1.0,
            0.0,
            0.0
        ],
        [
            0.0,
            0.0,
            0.0,
            0.5895686176019808,
            1.0,
            1.0,
            1.0,
            1.0,
            1.0,
            0.0,
            0.0,
            0.5930834874036669,
            0.7796906302608098,
            0.8458578938676391,
            0.9118362280997395,
            0.9118362280997395,
            0.0,
            0.3662928906238637,
            0.5580360098899187,
            0.7497791291559738,
            0.9365662720408144,
            0.9365662720408144,
            0.0,
            0.0,
            0.0
        ],
        [
            0.9395960182812552,
            0.9395960182812552,
            0.9395960182812552,
            0.9395960182812552,
            0.9395960182812552,
            0.9395960182812552,
            0.9395960182812552,
            0.9395960182812552,
            0.0,
            0.0,
            1.0,
            1.0,
            1.0,
            1.0,
            1.0,
            1.0,
            1.0,
            1.0,
            1.0,
            0.0,
            0.0,
            0.0,
            0.0,
            0.0,
            0.0
        ],
        [
            0.754782702613432,
            1.0,
            1.0,
            1.0,
            1.0,
            0.0,
            0.5500004757032612,
            0.7771743887467394,
            1.0,
            1.0,
            1.0,
            0.0,
            0.0,
            0.0,
            0.0,
            0.878446021006831,
            1.0,
            1.0,
            1.0,
            1.0,
            1.0,
            0.0,
            0.0,
            1.0,
            0.0
        ]
    ],
    "Grid_power": [
        47.22541713938117,
        12.516925087571144,
        4.691192631423473,
        23.503037381172177,
        20.78084960877895,
        -1.5343463271856308,
        21.748751112446186,
        39.7491564198578,
        20.40486128746775,
        -4.526517419713752,
        26.347322291764826,
        23.147855013792913,
        15.850774793210894,
        9.50534032125601,
        8.465729921916404,
        22.76802963148179,
        43.65706182492458,
        24.953499825190708,
        24.91815504719766,
        20.442421151697634,
        23.55945992767811,
        1.3881245121359824,
        2.905330742895603,
        24.451606369018553
    ],
    "Grid_energy": [
        47.22541713938117,
        12.516925087571144,
        4.691192631423473,
        23.503037381172177,
        20.78084960877895,
        -1.5343463271856308,
        21.748751112446186,
        39.7491564198578,
        20.40486128746775,
        -4.526517419713752,
        26.347322291764826,
        23.147855013792913,
        15.850774793210894,
        9.50534032125601,
        8.465729921916404,
        22.76802963148179,
        43.65706182492458,
        24.953499825190708,
        24.91815504719766,
        20.442421151697634,
        23.55945992767811,
        1.3881245121359824,
        2.905330742895603,
        24.451606369018553
    ],
    "Utilized_solar_energy": [
        0.0,
        0.0,
        0.0,
        0.0,
        0.0,
        0.0,
        0.0,
        0.026933482364355,
        0.080716868049825,
        0.12211495210529999,
        0.1391482525734,
        0.1384589968272,
        0.1256562070218,
        0.11239753152599999,
        0.11119133397014999,
        0.10176969636855003,
        0.07632896827972499,
        0.024027618128849997,
        0.001651635865845,
        0.0,
        0.0,
        0.0,
        0.0,
        0.0
    ],
    "Total_vehicle_penalties": [
        0,
        0,
        0,
        0.0,
        0.0,
        0.0,
        0.36486410074784603,
        0.36486410074784603,
        0.36486410074784603,
        0.0,
        0.0,
        0.0,
        0,
        0.0,
        2.375978888292001,
        0.7772850675681159,
        0.7772850675681159,
        0.0,
        0.0,
        0.0,
        6.261048420594286,
        0.402383784279996,
        0.402383784279996,
        0.0
    ],
    "Total_battery_penalties": [
        0.0,
        0.0,
        0.0,
        0.0,
        0.0,
        0.0,
        0.0,
        0.0,
        0.0,
        0.0,
        0.0,
        0.0,
        0.0,
        0.0,
        0.0,
        0.0,
        0.0,
        0.0,
        0.0,
        0.0,
        0.0,
        0.0,
        0.0,
        0.0
    ],
    "Total_penalties": [
        0.0,
        0.0,
        0.0,
        0.0,
        0.0,
        0.0,
        0.36486410074784603,
        0.36486410074784603,
        0.36486410074784603,
        0.0,
        0.0,
        0.0,
        0.0,
        0.0,
        2.375978888292001,
        0.7772850675681159,
        0.7772850675681159,
        0.0,
        0.0,
        0.0,
        6.261048420594286,
        0.402383784279996,
        0.402383784279996,
        0.0
    ],
    "Available_solar_energy": [
        [
            0.0,
            0.0,
            0.0,
            0.0,
            0.0,
            0.0,
            0.0,
            2.6933482364355,
            8.0716868049825,
            12.211495210529998,
            13.914825257339999,
            13.845899682719999,
            12.565620702179999,
            11.239753152599999,
            11.119133397014998,
            10.176969636855002,
            7.632896827972498,
            2.4027618128849997,
            0.16516358658449998,
            0.0,
            0.0,
            0.0,
            0.0,
            0.0,
            0.0,
            0.0,
            0.0,
            0.0,
            0.0,
            0.0,
            0.0,
            2.0084071226625,
            4.4346416213925,
            2.8490142044700004,
            1.1884234411350003,
            4.739311656449998,
            8.666373406477499,
            11.8385780021775,
            13.321631138759997,
            12.161971913804997,
            9.417227992987499,
            3.81858537816,
            0.32454719388,
            0.0,
            0.0,
            0.0,
            0.0,
            0.0
        ]
    ],
    "Total_cost": [
        4.342723400504899,
        1.151023045910449,
        0.431389562036716,
        2.1612766302712902,
        1.9109515033412359,
        0.11287551667157342,
        2.3648212447794306,
        6.436415236093284,
        3.481638640762957,
        0.5531283570102443,
        4.024465648633486,
        3.535757687667394,
        2.4211530095201135,
        1.4519090470693607,
        3.6690909125074644,
        4.25502569427338,
        7.445755726144046,
        3.811563913310864,
        3.8061651162977777,
        3.1225116840666622,
        8.427513517752047,
        0.5300320120103221,
        0.6695502502985182,
        2.248504504370439
    ],
    "Battery_state_of_charge": [
        0.4691481125634164,
        0.3643596761580557,
        0.347643834957853,
        0.38018180222250525,
        0.37869242233224215,
        0.35951309324242176,
        0.37012248214799914,
        0.3448236059257761,
        0.3024648937815801,
        0.2230165168875829,
        0.29284739869181076,
        0.22589343766216197,
        0.16434882516507068,
        0.19193637927528479,
        0.20677822704892612,
        0.2314007186470554,
        0.2858506482793019,
        0.27531160556245604,
        0.3255591891007499,
        0.31983945349697035,
        0.2643690705532209,
        0.28172062695492067,
        0.3180372612411157,
        0.3624323408538476
    ],