{
    "SOC": [
        [
            0.0,
            0.0,
            0.0,
            0.0,
            0.0,
            0.0,
            0.0,
            0.0,
            0.0,
            0.0,
            0.0,
            0.11937743533626675,
            0.0,
            0.0,
            0.0,
            0.0,
            0.0,
            0.7329005304082594,
            0.0,
            0.0,
            0.0,
            0.0,
            0.8882519423330069,
            0.0,
            0.0
        ],
        [
            0.0,
            0.4422128938475891,
            0.0,
            0.0,
            0.0,
            0.0,
            0.0,
            0.0,
            0.0,
            0.8742118697901029,
            0.0,
            0.0,
            0.0,
            0.0,
            0.0,
            0.0,
            0.0,
            0.0,
            0.0,
            0.6547876071661141,
            0.0,
            0.0,
            0.0,
            0.0,
            0.0
        ]
    ],
    "Arrivals": [
        [
            11,
            17,
            22
        ],
        [
            1,
            9,
            19
        ]
    ],
    "Departures": [
        [
            15,
            21,
            26
        ],
        [
            8,
            18,
            24
        ]
    ],
    "Charger_occupancy": [
        [
            0.0,
            0.0,
            0.0,
            0.0,
            0.0,
            0.0,
            0.0,
            0.0,
            0.0,
            0.0,
            0.0,
            1.0,
            1.0,
            1.0,
            1.0,
            0.0,
            0.0,
            1.0,
            1.0,
            1.0,
            1.0,
            0.0,
            1.0,
            1.0,
            0.0
        ],
        [
            0.0,
            1.0,
            1.0,
            1.0,
            1.0,
            1.0,
            1.0,
            1.0,
            0.0,
            1.0,
            1.0,
            1.0,
            1.0,
            1.0,
            1.0,
            1.0,
            1.0,
            1.0,
            0.0,
            1.0,
            1.0,
            1.0,
            1.0,
            1.0,
            0.0
        ]
    ],
    "Vehicle_capacities": [
        [
            0.0,
            0.0,
            0.0,
            0.0,
            0.0,
            0.0,
            0.0,
            0.0,
            0.0,
            0.0,
            0.0,
            73.0,
            73.0,
            73.0,
            73.0,
            0.0,
            0.0,
            33.0,
            33.0,
            33.0,
            33.0,
            0.0,
            70.0,
            70.0,
            0.0
        ],
        [
            0.0,
            27.0,
            27.0,
            27.0,
            27.0,
            27.0,
            27.0,
            27.0,
            0.0,
            103.0,
            103.0,
            103.0,
            103.0,
            103.0,
            103.0,
            103.0,
            103.0,
            103.0,
            0.0,
            74.0,
            74.0,
            74.0,
            74.0,
            74.0,
            0.0
        ]
    ],
    "Requested_SOC": [
        [
            0.0,
            0.0,
            0.0,
            0.0,
            0.0,
            0.0,
            0.0,
            0.0,
            0.0,
            0.0,
            0.0,
            1.0,
            1.0,
            1.0,
            1.0,
            0.0,
            0.0,
            1.0,
            1.0,
            1.0,
            1.0,
            0.0,
            1.0,
            1.0,
            0.0
        ],
        [
            0.0,
            1.0,
            1.0,
            1.0,
            1.0,
            1.0,
            1.0,
            1.0,
            0.0,
            1.0,
            1.0,
            1.0,
            1.0,
            1.0,
            1.0,
            1.0,
            1.0,
            1.0,
            0.0,
            1.0,
            1.0,
            1.0,
            1.0,
            1.0,
            0.0
        ]
    ]
}