{
    "SOC": [
        [
            0.0,
            0.0,
            0.0,
            0.0,
            0.0,
            0.0,
            0.0,
            0.0,
            0.0,
            0.0,
            0.0,
            0.11937743533626675,
            0.0,
            0.0,
            0.0,
            0.0,
            0.0,
            0.7329005304082594,
            0.7340207156683947,
            0.7760276605521048,
            0.8007993370977057,
            0.0,
            0.8882519423330069,
            0.9543351278205138,
            0.0
        ],
        [
            0.0,
            0.4422128938475891,
            0.0,
            0.0,
            0.0,
            0.0,
            0.0,
            0.0,
            0.0,
            0.8742118697901029,
            0.0,
            0.0,
            0.0,
            0.0,
            0.0,
            0.0,
            0.0,
            0.0,
            0.0,
            0.6547876071661141,
            0.0,
            0.0,
            0.0,
            0.0,
            0.0
        ]
    ],
    "Grid_power": [
        0,
        0,
        0,
        0,
        0,
        0,
        0,
        0,
        0,
        0,
        0,
        0,
        0,
        0,
        0,
        0,
        0,
        0,
        0.03696611358446153,
        1.3862291811624354,
        0.8174653260048301,
        0,
        0,
        4.625822984125486
    ],
    "Grid_energy": [
        0,
        0,
        0,
        0,
        0,
        0,
        0,
        0,
        0,
        0,
        0,
        0,
        0,
        0,
        0,
        0,
        0,
        0,
        0.03696611358446153,
        1.3862291811624354,
        0.8174653260048301,
        0,
        0,
        4.625822984125486
    ],
    "Utilized_solar_energy": [
        0,
        0,
        0,
        0,
        0,
        0,
        0,
        0,
        0,
        0,
        0,
        0,
        0,
        0,
        0,
        0,
        0,
        0,
        0,
        0,
        0,
        0,
        0,
        0
    ],
    "Penalties": [
        0,
        0,
        0,
        0,
        0,
        0,
        0,
        0,
        4.0,
        0,
        0,
        0,
        0,
        0,
        0,
        4.0,
        0,
        0,
        4.0,
        0,
        0,
        0.15872361640285398,
        0,
        0
    ],
    "Available_solar_energy": [],
    "Total_cost": [
        0.0,
        0.0,
        0.0,
        0.0,
        0.0,
        0.0,
        0.0,
        0.0,
        4.0,
        0.0,
        0.0,
        0.0,
        0.0,
        0.0,
        0.0,
        4.0,
        0.0,
        0.0,
        4.007058063274738,
        0.2646773578612046,
        0.09396491379485833,
        0.15872361640285398,
        0.0,
        0.5317229295313955
    ],
    "Battery_state_of_charge": [
        0,
        0,
        0,
        0,
        0,
        0,
        0,
        0,
        0,
        0,
        0,
        0,
        0,
        0,
        0,
        0,
        0,
        0,
        0,
        0,
        0,
        0,
        0,
        0
    ],
    "Grid_energy_cost": [
        0.0,
        0.0,
        0.0,
        0.0,
        0.0,
        0.0,
        0.0,
        0.0,
        4.0,
        0.0,
        0.0,
        0.0,
        0.0,
        0.0,
        0.0,
        4.0,
        0.0,
        0.0,
        4.007058063274738,
        0.2646773578612046,
        0.09396491379485833,
        0.15872361640285398,
        0.0,
        0.5317229295313955
    ]
}