{
    "SOC": [
        [
            0.0,
            0.0,
            0.0,
            0.0,
            0.0,
            0.0,
            0.0,
            0.0,
            0.0,
            0.812667700241012,
            0.0,
            0.0,
            0.0,
            0.0,
            0.0,
            0.0,
            0.8231055669877335,
            0.0,
            0.0,
            0.0,
            0.0,
            0.0,
            0.0,
            0.0,
            0.0
        ],
        [
            0.0,
            0.3102502618696239,
            0.0,
            0.0,
            0.0,
            0.0,
            0.0,
            0.0,
            0.11261551343893919,
            0.0,
            0.0,
            0.0,
            0.0,
            0.0,
            0.0,
            0.2793694004808439,
            0.0,
            0.0,
            0.0,
            0.0,
            0.0,
            0.0,
            0.5062952046006116,
            0.0,
            0.0
        ]
    ],
    "Arrivals": [
        [
            9,
            16
        ],
        [
            1,
            8,
            15,
            22
        ]
    ],
    "Departures": [
        [
            15,
            24
        ],
        [
            7,
            14,
            20,
            26
        ]
    ],
    "Charger_occupancy": [
        [
            0.0,
            0.0,
            0.0,
            0.0,
            0.0,
            0.0,
            0.0,
            0.0,
            0.0,
            1.0,
            1.0,
            1.0,
            1.0,
            1.0,
            1.0,
            0.0,
            1.0,
            1.0,
            1.0,
            1.0,
            1.0,
            1.0,
            1.0,
            1.0,
            0.0
        ],
        [
            0.0,
            1.0,
            1.0,
            1.0,
            1.0,
            1.0,
            1.0,
            0.0,
            1.0,
            1.0,
            1.0,
            1.0,
            1.0,
            1.0,
            0.0,
            1.0,
            1.0,
            1.0,
            1.0,
            1.0,
            0.0,
            0.0,
            1.0,
            1.0,
            0.0
        ]
    ],
    "Vehicle_capacities": [
        [
            0.0,
            0.0,
            0.0,
            0.0,
            0.0,
            0.0,
            0.0,
            0.0,
            0.0,
            20.0,
            20.0,
            20.0,
            20.0,
            20.0,
            20.0,
            0.0,
            64.0,
            64.0,
            64.0,
            64.0,
            64.0,
            64.0,
            64.0,
            64.0,
            0.0
        ],
        [
            0.0,
            91.0,
            91.0,
            91.0,
            91.0,
            91.0,
            91.0,
            0.0,
            81.0,
            81.0,
            81.0,
            81.0,
            81.0,
            81.0,
            0.0,
            68.0,
            68.0,
            68.0,
            68.0,
            68.0,
            0.0,
            0.0,
            73.0,
            73.0,
            0.0
        ]
    ],
    "Requested_SOC": [
        [
            0.0,
            0.0,
            0.0,
            0.0,
            0.0,
            0.0,
            0.0,
            0.0,
            0.0,
            1.0,
            1.0,
            1.0,
            1.0,
            1.0,
            1.0,
            0.0,
            1.0,
            1.0,
            1.0,
            1.0,
            1.0,
            1.0,
            1.0,
            1.0,
            0.0
        ],
        [
            0.0,
            1.0,
            1.0,
            1.0,
            1.0,
            1.0,
            1.0,
            0.0,
            1.0,
            1.0,
            1.0,
            1.0,
            1.0,
            1.0,
            0.0,
            1.0,
            1.0,
            1.0,
            1.0,
            1.0,
            0.0,
            0.0,
            1.0,
            1.0,
            0.0
        ]
    ]
}