{
    "SOC": [
        [
            0.37654092500640834,
            0.0,
            0.0,
            0.0,
            0.0,
            0.0,
            0.0,
            0.7709867176732647,
            0.0,
            0.0,
            0.0,
            0.0,
            0.0,
            0.0,
            0.0,
            0.0,
            0.0,
            0.0,
            0.0,
            0.1785420261751546,
            0.0,
            0.0,
            0.0,
            0.0,
            0.0
        ],
        [
            0.0,
            0.12757348260530918,
            0.0,
            0.0,
            0.0,
            0.0,
            0.0,
            0.0,
            0.11203124083066829,
            0.0,
            0.0,
            0.0,
            0.0,
            0.0,
            0.0,
            0.0,
            0.0,
            0.0,
            0.15152506197408855,
            0.0,
            0.0,
            0.0,
            0.0,
            0.0,
            0.0
        ]
    ],
    "Arrivals": [
        [
            0,
            7,
            19
        ],
        [
            1,
            8,
            18
        ]
    ],
    "Departures": [
        [
            6,
            15,
            24
        ],
        [
            7,
            13,
            24
        ]
    ],
    "Charger_occupancy": [
        [
            1.0,
            1.0,
            1.0,
            1.0,
            1.0,
            1.0,
            0.0,
            1.0,
            1.0,
            1.0,
            1.0,
            1.0,
            1.0,
            1.0,
            1.0,
            0.0,
            0.0,
            0.0,
            0.0,
            1.0,
            1.0,
            1.0,
            1.0,
            1.0,
            0.0
        ],
        [
            0.0,
            1.0,
            1.0,
            1.0,
            1.0,
            1.0,
            1.0,
            0.0,
            1.0,
            1.0,
            1.0,
            1.0,
            1.0,
            0.0,
            0.0,
            0.0,
            0.0,
            0.0,
            1.0,
            1.0,
            1.0,
            1.0,
            1.0,
            1.0,
            0.0
        ]
    ],
    "Vehicle_capacities": [
        [
            65.0,
            65.0,
            65.0,
            65.0,
            65.0,
            65.0,
            0.0,
            18.0,
            18.0,
            18.0,
            18.0,
            18.0,
            18.0,
            18.0,
            18.0,
            0.0,
            0.0,
            0.0,
            0.0,
            46.0,
            46.0,
            46.0,
            46.0,
            46.0,
            0.0
        ],
        [
            0.0,
            110.0,
            110.0,
            110.0,
            110.0,
            110.0,
            110.0,
            0.0,
            72.0,
            72.0,
            72.0,
            72.0,
            72.0,
            0.0,
            0.0,
            0.0,
            0.0,
            0.0,
            50.0,
            50.0,
            50.0,
            50.0,
            50.0,
            50.0,
            0.0
        ]
    ],
    "Requested_SOC": [
        [
            1.0,
            1.0,
            1.0,
            1.0,
            1.0,
            1.0,
            0.0,
            1.0,
            1.0,
            1.0,
            1.0,
            1.0,
            1.0,
            1.0,
            1.0,
            0.0,
            0.0,
            0.0,
            0.0,
            1.0,
            1.0,
            1.0,
            1.0,
            1.0,
            0.0
        ],
        [
            0.0,
            1.0,
            1.0,
            1.0,
            1.0,
            1.0,
            1.0,
            0.0,
            1.0,
            1.0,
            1.0,
            1.0,
            1.0,
            0.0,
            0.0,
            0.0,
            0.0,
            0.0,
            1.0,
            1.0,
            1.0,
            1.0,
            1.0,
            1.0,
            0.0
        ]
    ]
}