{
    "SOC": [
        [
            0.5618866125975209,
            0.7374949867530056,
            0.8835387962351198,
            0.9760820363257032,
            0.9925356539818255,
            0.9996267826990912,
            0.0,
            0.7787257805306315,
            0.8212524120281147,
            0.878141029677718,
            0.9134651442886395,
            0.9343556855592844,
            0.9618845307785607,
            0.9767924686500703,
            0.9833842373202558,
            0.0,
            0.0,
            0.0,
            0.0,
            0.2738302424654212,
            0.7231661433215222,
            0.9861583071660761,
            0.9993079153583038,
            0.9998115102993317,
            0.0
        ],
        [
            0.0,
            0.12757348260530918,
            0.0,
            0.0,
            0.0,
            0.0,
            0.0,
            0.0,
            0.11203124083066829,
            0.0,
            0.0,
            0.0,
            0.0,
            0.0,
            0.0,
            0.0,
            0.0,
            0.0,
            0.15152506197408855,
            0.0,
            0.10502806794643402,
            0.39858929860591885,
            0.7494392367601393,
            0.8303089661909454,
            0.0
        ]
    ],
    "Grid_power": [
        0,
        0,
        4.561525873437163,
        2.5601508432737945,
        0,
        0,
        0,
        0,
        0,
        0,
        0,
        0,
        0,
        0,
        0,
        0,
        0,
        0,
        0,
        0,
        0,
        0,
        0,
        0
    ],
    "Grid_energy": [
        0,
        0,
        4.561525873437163,
        2.5601508432737945,
        0,
        0,
        0,
        0,
        0,
        0,
        0,
        0,
        0,
        0,
        0,
        0,
        0,
        0,
        0,
        0,
        0,
        0,
        0,
        0
    ],
    "Utilized_solar_energy": [
        0.0,
        0.0,
        0.0,
        0.0,
        0.0,
        0.0,
        0.0,
        2.6933482364355,
        8.0716868049825,
        12.211495210529998,
        13.914825257339999,
        13.845899682719999,
        12.565620702179999,
        11.239753152599999,
        11.119133397014998,
        10.176969636855002,
        7.632896827972498,
        2.4027618128849997,
        0.16516358658449998,
        0.0,
        0.0,
        0.0,
        0.0,
        0.0
    ],
    "Penalties": [
        0,
        0,
        0,
        0,
        0,
        0,
        0,
        4.0,
        0,
        0,
        0,
        0,
        0,
        4.0,
        0,
        0,
        0,
        0,
        0,
        0,
        0,
        0,
        0,
        0
    ],
    "Available_solar_energy": [
        [
            0.0,
            0.0,
            0.0,
            0.0,
            0.0,
            0.0,
            0.0,
            2.6933482364355,
            8.0716868049825,
            12.211495210529998,
            13.914825257339999,
            13.845899682719999,
            12.565620702179999,
            11.239753152599999,
            11.119133397014998,
            10.176969636855002,
            7.632896827972498,
            2.4027618128849997,
            0.16516358658449998,
            0.0,
            0.0,
            0.0,
            0.0,
            0.0,
            0.0,
            0.0,
            0.0,
            0.0,
            0.0,
            0.0,
            0.0,
            2.0084071226625,
            4.4346416213925,
            2.8490142044700004,
            1.1884234411350003,
            4.739311656449998,
            8.666373406477499,
            11.8385780021775,
            13.321631138759997,
            12.161971913804997,
            9.417227992987499,
            3.81858537816,
            0.32454719388,
            0.0,
            0.0,
            0.0,
            0.0,
            0.0
        ]
    ],
    "Total_cost": [
        0.0,
        0.0,
        0.5243321910243399,
        0.2942808038914112,
        0.0,
        0.0,
        0.0,
        4.0,
        0.0,
        0.0,
        0.0,
        0.0,
        0.0,
        4.0,
        0.0,
        0.0,
        0.0,
        0.0,
        0.0392816998064518,
        0.0,
        0.0,
        0.0,
        0.0,
        0.0
    ],
    "Battery_state_of_charge": [
        0.4210713025521796,
        0.34369827901043776,
        0.2820567572241846,
        0.23886726019150797,
        0.23179034394836925,
        0.22911458717181055,
        0.22911458717181055,
        0.23399002488129364,
        0.29257756407730806,
        0.3718987742165246,
        0.4923908202709738,
        0.6506446905996435,
        0.7798729169964482,
        0.8668420004024331,
        0.9596867183644809,
        0.9881434174813362,
        1.0,
        1.0,
        1.0,
        0.9717636141280347,
        0.7469674814613045,
        0.5411884264199643,
        0.3573586536425962,
        0.3278417150542031
    ],
    "Grid_energy_cost": [
        0.0,
        0.0,
        0.5243321910243399,
        0.2942808038914112,
        0.0,
        0.0,
        0.0,
        4.0,
        0.0,
        0.0,
        0.0,
        0.0,
        0.0,
        4.0,
        0.0,
        0.0,
        0.0,
        0.0,
        0.0392816998064518,
        0.0,
        0.0,
        0.0,
        0.0,
        0.0
    ]
}