{
    "SOC": [
        [
            0.45773601125327257,
            0.0,
            0.0,
            0.0,
            0.0,
            0.0,
            0.0,
            0.27619602375201013,
            0.0,
            0.0,
            0.0,
            0.0,
            0.0,
            0.0,
            0.0,
            0.0,
            0.6520423769879261,
            0.0,
            0.0,
            0.0,
            0.0,
            0.0,
            0.0,
            0.0,
            0.0
        ],
        [
            0.0,
            0.0,
            0.0,
            0.16303800535708285,
            0.0,
            0.0,
            0.0,
            0.0,
            0.0,
            0.0,
            0.0,
            0.40647634454652404,
            0.0,
            0.0,
            0.0,
            0.0,
            0.0,
            0.1745497713578087,
            0.0,
            0.0,
            0.0,
            0.0,
            0.0,
            0.0,
            0.0
        ],
        [
            0.8509042414912792,
            0.0,
            0.0,
            0.0,
            0.0,
            0.0,
            0.0,
            0.0,
            0.0,
            0.0,
            0.8196674239363752,
            0.0,
            0.0,
            0.0,
            0.0,
            0.0,
            0.0,
            0.0,
            0.0,
            0.0,
            0.0,
            0.0,
            0.0,
            0.0,
            0.0
        ],
        [
            0.2687361909855251,
            0.0,
            0.0,
            0.0,
            0.0,
            0.0,
            0.32282656265978293,
            0.0,
            0.0,
            0.0,
            0.0,
            0.0,
            0.0,
            0.0,
            0.0,
            0.6462237987846088,
            0.0,
            0.0,
            0.0,
            0.0,
            0.0,
            0.0,
            0.0,
            0.658021582938183,
            0.0
        ]
    ],
    "Arrivals": [
        [
            0,
            7,
            16
        ],
        [
            3,
            11,
            17
        ],
        [
            0,
            10
        ],
        [
            0,
            6,
            15,
            23
        ]
    ],
    "Departures": [
        [
            6,
            15,
            23
        ],
        [
            9,
            16,
            22
        ],
        [
            8,
            19
        ],
        [
            5,
            11,
            21,
            27
        ]
    ],
    "Charger_occupancy": [
        [
            1.0,
            1.0,
            1.0,
            1.0,
            1.0,
            1.0,
            0.0,
            1.0,
            1.0,
            1.0,
            1.0,
            1.0,
            1.0,
            1.0,
            1.0,
            0.0,
            1.0,
            1.0,
            1.0,
            1.0,
            1.0,
            1.0,
            1.0,
            0.0,
            0.0
        ],
        [
            0.0,
            0.0,
            0.0,
            1.0,
            1.0,
            1.0,
            1.0,
            1.0,
            1.0,
            0.0,
            0.0,
            1.0,
            1.0,
            1.0,
            1.0,
            1.0,
            0.0,
            1.0,
            1.0,
            1.0,
            1.0,
            1.0,
            0.0,
            0.0,
            0.0
        ],
        [
            1.0,
            1.0,
            1.0,
            1.0,
            1.0,
            1.0,
            1.0,
            1.0,
            0.0,
            0.0,
            1.0,
            1.0,
            1.0,
            1.0,
            1.0,
            1.0,
            1.0,
            1.0,
            1.0,
            0.0,
            0.0,
            0.0,
            0.0,
            0.0,
            0.0
        ],
        [
            1.0,
            1.0,
            1.0,
            1.0,
            1.0,
            0.0,
            1.0,
            1.0,
            1.0,
            1.0,
            1.0,
            0.0,
            0.0,
            0.0,
            0.0,
            1.0,
            1.0,
            1.0,
            1.0,
            1.0,
            1.0,
            0.0,
            0.0,
            1.0,
            0.0
        ]
    ],
    "Vehicle_capacities": [
        [
            16.0,
            16.0,
            16.0,
            16.0,
            16.0,
            16.0,
            0.0,
            24.0,
            24.0,
            24.0,
            24.0,
            24.0,
            24.0,
            24.0,
            24.0,
            0.0,
            31.0,
            31.0,
            31.0,
            31.0,
            31.0,
            31.0,
            31.0,
            0.0,
            0.0
        ],
        [
            0.0,
            0.0,
            0.0,
            49.0,
            49.0,
            49.0,
            49.0,
            49.0,
            49.0,
            0.0,
            0.0,
            112.0,
            112.0,
            112.0,
            112.0,
            112.0,
            0.0,
            109.0,
            109.0,
            109.0,
            109.0,
            109.0,
            0.0,
            0.0,
            0.0
        ],
        [
            89.0,
            89.0,
            89.0,
            89.0,
            89.0,
            89.0,
            89.0,
            89.0,
            0.0,
            0.0,
            47.0,
            47.0,
            47.0,
            47.0,
            47.0,
            47.0,
            47.0,
            47.0,
            47.0,
            0.0,
            0.0,
            0.0,
            0.0,
            0.0,
            0.0
        ],
        [
            43.0,
            43.0,
            43.0,
            43.0,
            43.0,
            0.0,
            92.0,
            92.0,
            92.0,
            92.0,
            92.0,
            0.0,
            0.0,
            0.0,
            0.0,
            90.0,
            90.0,
            90.0,
            90.0,
            90.0,
            90.0,
            0.0,
            0.0,
            32.0,
            0.0
        ]
    ],