{
    "SOC": [
        [
            0.0,
            0.0,
            0.0,
            0.0,
            0.0,
            0.0,
            0.0,
            0.0,
            0.0,
            0.812667700241012,
            0.8490595063979937,
            0.89876822053551,
            0.9273282899340247,
            0.9456825449783369,
            0.9677345434210971,
            0.0,
            0.8231055669877335,
            0.0,
            0.0,
            0.0,
            0.0,
            0.0,
            0.0,
            0.0,
            0.0
        ],
        [
            0.0,
            0.3102502618696239,
            0.0,
            0.0,
            0.0,
            0.0,
            0.0,
            0.0,
            0.11261551343893919,
            0.0,
            0.0,
            0.0,
            0.0,
            0.0,
            0.0,
            0.2793694004808439,
            0.0,
            0.0,
            0.0,
            0.0,
            0.0,
            0.0,
            0.5062952046006116,
            0.0,
            0.0
        ]
    ],
    "Grid_power": [
        0,
        0,
        0,
        0,
        0,
        0,
        0,
        0,
        0,
        0,
        0.7278361231396335,
        0.9941742827503262,
        0.5712013879702947,
        0.36708510088624347,
        0.4410399688552034,
        0,
        0,
        0,
        0,
        0,
        0,
        0,
        0,
        0
    ],
    "Grid_energy": [
        0,
        0,
        0,
        0,
        0,
        0,
        0,
        0,
        0,
        0,
        0.7278361231396335,
        0.9941742827503262,
        0.5712013879702947,
        0.36708510088624347,
        0.4410399688552034,
        0,
        0,
        0,
        0,
        0,
        0,
        0,
        0,
        0
    ],
    "Utilized_solar_energy": [
        0,
        0,
        0,
        0,
        0,
        0,
        0,
        0,
        0,
        0,
        0,
        0,
        0,
        0,
        0,
        0,
        0,
        0,
        0,
        0,
        0,
        0,
        0,
        0
    ],
    "Penalties": [
        0,
        0,
        0,
        0,
        0,
        0,
        0,
        4.0,
        0,
        0,
        0,
        0,
        0,
        0,
        4.0,
        0,
        0,
        0,
        0,
        0,
        4.0,
        0,
        0,
        0
    ],
    "Available_solar_energy": [],
    "Total_cost": [
        0.0,
        0.0,
        0.0,
        0.0,
        0.0,
        0.0,
        0.0,
        4.0,
        0.0,
        0.0,
        0.13896817686884866,
        0.18982100938840418,
        0.10906138481939448,
        0.07008878180685173,
        4.08420923123974,
        0.0,
        0.0,
        0.0,
        0.0,
        0.0,
        4.0,
        0.0,
        0.0,
        0.0
    ],
    "Battery_state_of_charge": [
        0,
        0,
        0,
        0,
        0,
        0,
        0,
        0,
        0,
        0,
        0,
        0,
        0,
        0,
        0,
        0,
        0,
        0,
        0,
        0,
        0,
        0,
        0,
        0
    ],
    "Grid_energy_cost": [
        0.0,
        0.0,
        0.0,
        0.0,
        0.0,
        0.0,
        0.0,
        4.0,
        0.0,
        0.0,
        0.13896817686884866,
        0.18982100938840418,
        0.10906138481939448,
        0.07008878180685173,
        4.08420923123974,
        0.0,
        0.0,
        0.0,
        0.0,
        0.0,
        4.0,
        0.0,
        0.0,
        0.0
    ]
}