{
    "SOC": [
        [
            0.0,
            0.0,
            0.34943726588967605,
            0.5646120814450896,
            0.7431115939922166,
            0.901277945713658,
            0.985368029406844,
            0.994939498393407,
            0.9970918806802012,
            0.9982967449457191,
            0.0,
            0.19553902722637045,
            0.2598143521845827,
            0.36544961363257333,
            0.48056019859459076,
            0.0,
            0.42968983099771474,
            0.4754961378840611,
            0.6119204569423096,
            0.8700652678605688,
            0.9935032633930284,
            0.0,
            0.8997537477779415,
            0.9949876873888971,
            0.0
        ],
        [
            0.23922405186591844,
            0.0,
            0.0,
            0.0,
            0.0,
            0.0,
            0.0,
            0.0,
            0.0,
            0.0,
            0.0,
            0.3754752126513553,
            0.0,
            0.0,
            0.0,
            0.0,
            0.0,
            0.0,
            0.0,
            0.0,
            0.0,
            0.9707404862103909,
            0.9833694007813927,
            0.9976267542370967,
            0.0
        ]
    ],
    "Grid_power": [
        0,
        0,
        0,
        0,
        0,
        0,
        0,
        0,
        0,
        0,
        0,
        0,
        0,
        0,
        0,
        0,
        0,
        0,
        0,
        0,
        0,
        0,
        0,
        0
    ],
    "Grid_energy": [
        0,
        0,
        0,
        0,
        0,
        0,
        0,
        0,
        0,
        0,
        0,
        0,
        0,
        0,
        0,
        0,
        0,
        0,
        0,
        0,
        0,
        0,
        0,
        0
    ],
    "Utilized_solar_energy": [
        0.0,
        0.0,
        0.0,
        0.0,
        0.0,
        0.0,
        0.0,
        2.6933482364355,
        8.0716868049825,
        12.211495210529998,
        13.914825257339999,
        13.845899682719999,
        12.565620702179999,
        11.239753152599999,
        11.119133397014998,
        10.176969636855002,
        7.632896827972498,
        2.4027618128849997,
        0.16516358658449998,
        0.0,
        0.0,
        0.0,
        0.0,
        0.0
    ],
    "Penalties": [
        0,
        0,
        0,
        0,
        0,
        0,
        4.0,
        0,
        0,
        0,
        0,
        0,
        0,
        0,
        0,
        1.079270829136364,
        0,
        4.0,
        0,
        0,
        0,
        0,
        0,
        0
    ],
    "Available_solar_energy": 